num_samples,L,Lvalid
50000,-213.049903152,-182.781462906
100000,-176.808036286,-169.405766182
150000,-167.580097192,-162.777870182
200000,-160.276897602,-156.69754032
250000,-154.252107911,-150.770185717
300000,-149.39678857,-146.684727382
350000,-145.678578012,-143.423280395
400000,-142.616654408,-140.717656911
450000,-140.172266265,-138.567947955
500000,-138.193246909,-136.795768713
550000,-136.269167937,-135.046849633
600000,-134.62418822,-133.509147538
650000,-133.040992998,-131.993001579
700000,-131.755538621,-131.042548457
750000,-130.536832433,-129.738269894
800000,-129.523346533,-128.780059845
850000,-128.662211327,-128.045496119
900000,-127.888322309,-127.354304336
950000,-127.279086715,-126.765697676
1000000,-126.679508623,-126.170645702
1050000,-126.176611083,-125.740470362
1100000,-125.72932067,-125.283167957
1150000,-125.31466753,-124.89542461
1200000,-124.886687634,-124.491900432
1250000,-124.496563206,-124.134536837
1300000,-124.119838387,-123.852025982
1350000,-123.764624342,-123.397023683
1400000,-123.434302305,-123.155731141
1450000,-123.083346355,-122.825020561
1500000,-122.758269712,-122.455306499
1550000,-122.44464871,-122.165916072
1600000,-122.123642727,-121.832905741
1650000,-121.827978565,-121.55797359
1700000,-121.516259971,-121.236086525
1750000,-121.199413586,-120.961430522
1800000,-120.931411759,-120.612842468
1850000,-120.623987109,-120.456835323
1900000,-120.382312171,-120.158216346
1950000,-120.127651538,-119.894622932
2000000,-119.889242275,-119.684195016
2050000,-119.651890139,-119.337845909
2100000,-119.43350499,-119.307393603
2150000,-119.228427379,-118.990809428
2200000,-119.019342359,-118.793662645
2250000,-118.854235675,-118.676603051
2300000,-118.668609524,-118.503690804
2350000,-118.511063702,-118.412650073
2400000,-118.315306026,-118.213659639
2450000,-118.207397926,-118.093378582
2500000,-118.05414047,-117.924078913
2550000,-117.900281737,-117.846916093
2600000,-117.788905383,-117.64993842
2650000,-117.648301686,-117.51015478
2700000,-117.532435075,-117.441323858
2750000,-117.420630827,-117.372278587
2800000,-117.264279874,-117.203757199
2850000,-117.191768796,-117.077832548
2900000,-117.059659812,-116.96703968
2950000,-116.944398117,-116.838226909
3000000,-116.850449634,-116.809059287
3050000,-116.756881634,-116.688471056
3100000,-116.660986057,-116.580037203
3150000,-116.550474237,-116.429889695
3200000,-116.451236864,-116.423262659
3250000,-116.344664278,-116.294676097
3300000,-116.261051454,-116.190019187
3350000,-116.166031277,-116.141355378
3400000,-116.10326511,-116.045589656
3450000,-116.012318401,-115.963148984
3500000,-115.899194998,-115.886334381
3550000,-115.81109134,-115.803589037
3600000,-115.739450144,-115.770632863
3650000,-115.666433371,-115.632980842
3700000,-115.582516218,-115.540447867
3750000,-115.507652599,-115.491367629
3800000,-115.436134405,-115.373196472
3850000,-115.358369198,-115.323658759
3900000,-115.263101237,-115.287609733
3950000,-115.199645271,-115.215257998
4000000,-115.127214804,-115.073944648
4050000,-115.052187413,-115.032512724
4100000,-114.97172111,-114.93623809
4150000,-114.926527716,-114.890567246
4200000,-114.833053816,-114.90081532
4250000,-114.809341228,-114.802644052
4300000,-114.723537994,-114.710967873
4350000,-114.682232849,-114.603562114
4400000,-114.60236088,-114.567146996
4450000,-114.574732121,-114.53702515
4500000,-114.507042919,-114.466770201
4550000,-114.45117061,-114.435555362
4600000,-114.405023242,-114.395166008
4650000,-114.327572189,-114.286914812
4700000,-114.295363362,-114.282146705
4750000,-114.238787186,-114.284331228
4800000,-114.183980401,-114.172598965
4850000,-114.16184866,-114.172336689
4900000,-114.104392187,-114.109139938
4950000,-114.052714911,-114.082524488
5000000,-114.027878527,-114.01338922
5050000,-113.981385611,-114.018577523
5100000,-113.928159292,-113.971091633
5150000,-113.887299773,-113.902499748
5200000,-113.839677892,-113.84620382
5250000,-113.821497313,-113.836270087
5300000,-113.772766134,-113.765955329
5350000,-113.76063287,-113.745386157
5400000,-113.711007797,-113.777168731
5450000,-113.653612788,-113.695120844
5500000,-113.613382775,-113.653329436
5550000,-113.593046892,-113.603930997
5600000,-113.570723879,-113.618554524
5650000,-113.520533397,-113.564623598
5700000,-113.470437249,-113.491233136
5750000,-113.446982539,-113.468626051
5800000,-113.410989267,-113.449063701
5850000,-113.371547896,-113.41422293
5900000,-113.358091141,-113.364551984
5950000,-113.328661162,-113.417590998
6000000,-113.29172153,-113.30943035
6050000,-113.251270852,-113.294844312
6100000,-113.214759405,-113.25671416
6150000,-113.201990965,-113.257882434
6200000,-113.166897034,-113.19292514
6250000,-113.132898591,-113.130054421
6300000,-113.104874136,-113.139999526
6350000,-113.06363896,-113.080030284
6400000,-113.036394398,-113.081388878
6450000,-113.001539723,-113.040875792
6500000,-112.980100275,-113.013418064
6550000,-112.967615511,-112.998184694
6600000,-112.928459765,-112.970214159
6650000,-112.916075777,-112.974170665
6700000,-112.875819248,-112.882297144
6750000,-112.824225032,-112.923076234
6800000,-112.80939742,-112.856285214
6850000,-112.7830685,-112.796050422
6900000,-112.770530059,-112.804271328
6950000,-112.723347094,-112.815516401
7000000,-112.682923437,-112.716683022
7050000,-112.686217673,-112.719909558
7100000,-112.664507906,-112.652697337
7150000,-112.633670323,-112.678863375
7200000,-112.613328207,-112.591422379
7250000,-112.579287555,-112.611575384
7300000,-112.548422311,-112.578619417
7350000,-112.541676664,-112.548085398
7400000,-112.508525982,-112.580800664
7450000,-112.471704203,-112.487902019
7500000,-112.451973153,-112.514618643
7550000,-112.440928083,-112.514951255
7600000,-112.427136079,-112.502660787
7650000,-112.385660818,-112.479770828
7700000,-112.370258081,-112.466342461
7750000,-112.33410832,-112.435661931
7800000,-112.316859391,-112.356832663
7850000,-112.316276838,-112.342294777
7900000,-112.275672395,-112.365800648
7950000,-112.284035319,-112.317530064
8000000,-112.263445468,-112.310500662
8050000,-112.229403853,-112.303199019
8100000,-112.22285174,-112.306544338
8150000,-112.187555826,-112.277267956
8200000,-112.191301179,-112.251956121
8250000,-112.167875694,-112.256142653
8300000,-112.133070049,-112.181516278
8350000,-112.127120846,-112.170519208
8400000,-112.103263263,-112.152946473
8450000,-112.092613869,-112.126859058
8500000,-112.064882078,-112.128910524
8550000,-112.050118226,-112.087102617
8600000,-112.023321143,-112.118233396
8650000,-112.022319315,-112.06852912
8700000,-111.993423599,-112.07461724
8750000,-111.997199703,-112.060541647
8800000,-111.968740016,-112.036629695
8850000,-111.956557152,-112.010475186
8900000,-111.93012725,-111.977190915
8950000,-111.935164832,-112.018275874
9000000,-111.908433309,-111.994719114
9050000,-111.91020803,-111.961879425
9100000,-111.885100499,-111.974798628
9150000,-111.873513742,-111.907941371
9200000,-111.863638935,-111.974158062
9250000,-111.836630876,-111.914589995
9300000,-111.819068539,-111.882220702
9350000,-111.80040543,-111.896770842
9400000,-111.767596213,-111.89529641
9450000,-111.77330085,-111.865265173
9500000,-111.767146533,-111.851966389
9550000,-111.749776011,-111.855585958
9600000,-111.763075023,-111.830375172
9650000,-111.723616864,-111.81892226
9700000,-111.728729104,-111.822551148
9750000,-111.690604276,-111.737209825
9800000,-111.664647163,-111.794505464
9850000,-111.673683088,-111.747343678
9900000,-111.651179014,-111.76359445
9950000,-111.642856289,-111.769071006
10000000,-111.630939023,-111.749245857
10050000,-111.642399093,-111.706895623
10100000,-111.619901933,-111.713183252
10150000,-111.60394936,-111.707861931
10200000,-111.577528692,-111.705408099
10250000,-111.559698086,-111.689296464
10300000,-111.56044825,-111.696597069
10350000,-111.543298917,-111.657056935
10400000,-111.534871152,-111.590752434
10450000,-111.547099849,-111.61498634
10500000,-111.509305711,-111.640227206
10550000,-111.495758829,-111.61904222
10600000,-111.511043848,-111.548497644
10650000,-111.491269416,-111.544457551
10700000,-111.459216988,-111.547305551
10750000,-111.460845198,-111.598444348
10800000,-111.444466148,-111.498521848
10850000,-111.427444063,-111.586478465
10900000,-111.439408061,-111.503899605
10950000,-111.414744744,-111.48443312
11000000,-111.404454546,-111.506997652
11050000,-111.407893707,-111.493569154
11100000,-111.396392876,-111.439110515
11150000,-111.371460369,-111.432459291
11200000,-111.364762907,-111.437216399
11250000,-111.358204917,-111.415946364
11300000,-111.336558369,-111.468697845
11350000,-111.329069748,-111.433431849
11400000,-111.327326317,-111.422752931
11450000,-111.326492222,-111.423358497
11500000,-111.303963688,-111.412497436
11550000,-111.295371235,-111.364208089
11600000,-111.28800434,-111.379396392
11650000,-111.294302081,-111.350756006
11700000,-111.266605052,-111.38450649
11750000,-111.233675719,-111.326658009
11800000,-111.234375815,-111.31099228
11850000,-111.225993472,-111.336423122
11900000,-111.213371913,-111.285549067
11950000,-111.209490271,-111.336878497
12000000,-111.200426782,-111.323843341
12050000,-111.185568544,-111.286296202
12100000,-111.181171369,-111.224314864
12150000,-111.152263267,-111.273859164
12200000,-111.161360802,-111.273864927
12250000,-111.157493179,-111.270504293
12300000,-111.14467955,-111.220748256
12350000,-111.150676739,-111.215669748
12400000,-111.121857586,-111.247621781
12450000,-111.134014997,-111.222789743
12500000,-111.115898023,-111.200801416
12550000,-111.10852431,-111.162796479
12600000,-111.113832562,-111.242357568
12650000,-111.094200248,-111.159220847
12700000,-111.074048928,-111.10991775
12750000,-111.06536192,-111.167156053
12800000,-111.065062247,-111.160199408
12850000,-111.043323885,-111.162203483
12900000,-111.02661092,-111.127256971
12950000,-111.024964313,-111.158159738
13000000,-111.014877849,-111.11106662
13050000,-110.999224857,-111.103419825
13100000,-111.014157252,-111.135014932
13150000,-111.008908632,-111.096626097
13200000,-110.984861271,-111.099777879
13250000,-110.997347467,-111.083626457
13300000,-110.979415092,-111.097804717
13350000,-110.947478662,-111.042864783
13400000,-110.967863627,-111.045400202
13450000,-110.952224982,-111.039648706
13500000,-110.916170143,-110.997690672
13550000,-110.941420594,-111.034888729
13600000,-110.930001326,-111.030011186
13650000,-110.913010319,-110.988252207
13700000,-110.91943167,-111.055207616
13750000,-110.902476243,-110.996640356
13800000,-110.905549627,-111.009187863
13850000,-110.890965154,-111.01035629
13900000,-110.876208804,-111.013584856
13950000,-110.866486165,-110.962758839
14000000,-110.856577586,-110.950499658
14050000,-110.835974989,-110.953775404
14100000,-110.85714123,-110.960283247
14150000,-110.848059249,-110.916913057
14200000,-110.829449645,-111.006144404
14250000,-110.841088328,-110.958954027
14300000,-110.819954184,-110.882363167
14350000,-110.822836693,-110.889494207
14400000,-110.824320723,-110.882503733
14450000,-110.805202917,-110.961732728
14500000,-110.790727458,-110.88851814
14550000,-110.786396058,-110.904173884
14600000,-110.778753508,-110.903072605
14650000,-110.774107219,-110.9210668
14700000,-110.778442945,-110.868318977
14750000,-110.766092686,-110.892136667
14800000,-110.763048187,-110.863004208
14850000,-110.740770513,-110.893016773
14900000,-110.758362627,-110.894093592
14950000,-110.734473004,-110.848684182
15000000,-110.731061722,-110.840232994
15050000,-110.721262341,-110.820183348
15100000,-110.706413496,-110.881836007
15150000,-110.710249991,-110.857104028
15200000,-110.692770334,-110.83038765
15250000,-110.684539101,-110.823980021
15300000,-110.698765068,-110.762392433
15350000,-110.679551995,-110.786449293
15400000,-110.678508872,-110.767754354
15450000,-110.685698396,-110.832812664
15500000,-110.680836983,-110.797352076
15550000,-110.662934894,-110.752272205
15600000,-110.637040376,-110.758561095
15650000,-110.659899873,-110.75571297
15700000,-110.649488607,-110.733275276
15750000,-110.645535666,-110.713280867
15800000,-110.640918699,-110.73194084
15850000,-110.615919907,-110.787129048
15900000,-110.599433801,-110.739970654
15950000,-110.598748217,-110.712483068
16000000,-110.612580206,-110.721303698
16050000,-110.601790392,-110.719634294
16100000,-110.60834279,-110.701949866
16150000,-110.588088261,-110.646883566
16200000,-110.580299741,-110.704718302
16250000,-110.578282189,-110.654258768
16300000,-110.572627987,-110.661596772
16350000,-110.550001532,-110.670484242
16400000,-110.531739622,-110.68055991
16450000,-110.546763626,-110.639348493
16500000,-110.536618824,-110.665670042
16550000,-110.5302256,-110.654460941
16600000,-110.536576772,-110.690998023
16650000,-110.526723644,-110.659747722
16700000,-110.527308153,-110.662041172
16750000,-110.529318929,-110.645614505
16800000,-110.518071977,-110.619484259
16850000,-110.514408341,-110.63639993
16900000,-110.491356429,-110.634295784
16950000,-110.47654747,-110.561739264
17000000,-110.480161569,-110.623705792
17050000,-110.497414038,-110.624760963
17100000,-110.474893003,-110.602811453
17150000,-110.460130641,-110.568771256
17200000,-110.466106656,-110.552909509
17250000,-110.475478084,-110.545162859
17300000,-110.436482399,-110.577653894
17350000,-110.446521524,-110.567595539
17400000,-110.447228944,-110.510417355
17450000,-110.43726155,-110.538817021
17500000,-110.419839561,-110.497559979
17550000,-110.454308729,-110.505147957
17600000,-110.414791711,-110.491244452
17650000,-110.422649524,-110.519619278
17700000,-110.400974906,-110.513265506
17750000,-110.395200773,-110.52072096
17800000,-110.3976694,-110.483447419
17850000,-110.396935829,-110.532244691
17900000,-110.387092494,-110.487266655
17950000,-110.392000048,-110.452685672
18000000,-110.364483258,-110.475431541
18050000,-110.390493422,-110.506606559
18100000,-110.365898298,-110.463355207
18150000,-110.370030192,-110.518170242
18200000,-110.349711649,-110.48746203
18250000,-110.354005757,-110.472609008
18300000,-110.348417649,-110.513540016
18350000,-110.334704956,-110.453655301
18400000,-110.333127363,-110.47813522
18450000,-110.331913743,-110.447308335
18500000,-110.334848507,-110.445373493
18550000,-110.331285177,-110.443444922
18600000,-110.310621961,-110.439284428
18650000,-110.325660206,-110.449443765
18700000,-110.303614486,-110.405030854
18750000,-110.30218335,-110.433985522
18800000,-110.294714368,-110.412965758
18850000,-110.29374017,-110.426162224
18900000,-110.28491231,-110.397851668
18950000,-110.27983228,-110.375691899
19000000,-110.27643192,-110.430234862
19050000,-110.274759288,-110.357013457
19100000,-110.279731775,-110.37545101
19150000,-110.25014934,-110.403668893
19200000,-110.263044189,-110.397838244
19250000,-110.245970635,-110.373702974
19300000,-110.251628858,-110.389726375
19350000,-110.22291543,-110.378042872
19400000,-110.228564927,-110.3913278
19450000,-110.262736683,-110.324832054
19500000,-110.208390137,-110.408845607
19550000,-110.215926367,-110.336788063
19600000,-110.213991717,-110.365724807
19650000,-110.211525261,-110.303393888
19700000,-110.218833472,-110.32485254
19750000,-110.205434803,-110.349607362
19800000,-110.202483748,-110.300078185
19850000,-110.185491622,-110.320687902
19900000,-110.188840016,-110.281312975
19950000,-110.163726831,-110.335469515
20000000,-110.179585759,-110.311278416
20050000,-110.17371482,-110.306937286
20100000,-110.167374188,-110.264613469
20150000,-110.17414485,-110.257942929
20200000,-110.147614591,-110.227437259
20250000,-110.165612199,-110.288437988
20300000,-110.159618391,-110.306545258
20350000,-110.16432892,-110.250123498
20400000,-110.148377241,-110.236717166
20450000,-110.14845294,-110.251059571
20500000,-110.131291694,-110.245184881
20550000,-110.13285244,-110.231026146
20600000,-110.131355713,-110.200027882
20650000,-110.144895267,-110.23720096
20700000,-110.121434565,-110.220489397
20750000,-110.120722213,-110.250794527
20800000,-110.103612656,-110.233122227
20850000,-110.107065525,-110.229251618
20900000,-110.081455519,-110.259777419
20950000,-110.061210177,-110.214025877
21000000,-110.081704069,-110.228496047
21050000,-110.083421643,-110.233865646
21100000,-110.095362924,-110.227063882
21150000,-110.090475842,-110.20332269
21200000,-110.073329251,-110.191038315
21250000,-110.08757748,-110.150379235
21300000,-110.064577217,-110.14883439
21350000,-110.08013675,-110.208319296
21400000,-110.06546479,-110.166206618
21450000,-110.054531981,-110.232063657
21500000,-110.058346296,-110.19895303
21550000,-110.034753662,-110.176804209
21600000,-110.036642883,-110.17428135
21650000,-110.02771722,-110.193830903
21700000,-110.047601054,-110.120169
21750000,-110.021200311,-110.159815905
21800000,-110.035383734,-110.156946733
21850000,-110.037743461,-110.213256084
21900000,-110.022950953,-110.146226269
21950000,-110.019722917,-110.168614756
22000000,-110.021088719,-110.165840406
22050000,-109.992992474,-110.1225372
22100000,-110.002969004,-110.104892267
22150000,-110.007728981,-110.17033485
22200000,-110.003280574,-110.130943192
22250000,-109.989649798,-110.095746388
22300000,-110.002586143,-110.10953719
22350000,-109.984618157,-110.090902698
22400000,-109.968387577,-110.09730543
22450000,-109.974465646,-110.061514248
22500000,-109.975172112,-110.08808266
22550000,-109.988145176,-110.132251234
22600000,-109.949192363,-110.072475042
22650000,-109.959168385,-110.07248192
22700000,-109.957785655,-110.10110035
22750000,-109.939835081,-110.061745278
22800000,-109.959151789,-110.078291821
22850000,-109.945661535,-110.062572128
22900000,-109.940770019,-110.122905283
22950000,-109.943065859,-110.061156882
23000000,-109.953012484,-110.118588778
23050000,-109.942517988,-110.041458634
23100000,-109.937255243,-110.05581117
23150000,-109.925822125,-110.058559757
23200000,-109.923343348,-110.055597064
23250000,-109.915040539,-110.043036577
23300000,-109.935342571,-110.008440543
23350000,-109.920707677,-110.016509618
23400000,-109.929269455,-110.043738491
23450000,-109.897126604,-110.028603851
23500000,-109.903354682,-110.03245908
23550000,-109.900306292,-110.081806742
23600000,-109.896438526,-110.009400474
23650000,-109.897952374,-110.022234309
23700000,-109.898005404,-110.032499518
23750000,-109.892814372,-110.048200878
23800000,-109.908776724,-110.012940435
23850000,-109.887343165,-110.042271594
23900000,-109.894892899,-109.997908928
23950000,-109.881914876,-110.021609519
24000000,-109.893738194,-110.02768125
24050000,-109.847870204,-110.036037884
24100000,-109.875450251,-109.995631732
24150000,-109.875942125,-110.012073371
24200000,-109.873741072,-110.071580158
24250000,-109.868766414,-109.987123208
24300000,-109.845182997,-109.99665415
24350000,-109.848144357,-109.982160616
24400000,-109.859468588,-109.990182673
24450000,-109.850152168,-109.978156214
24500000,-109.838030073,-109.983743092
24550000,-109.840837652,-110.006878977
24600000,-109.839555251,-109.965744407
24650000,-109.839923636,-109.95104856
24700000,-109.831082223,-110.002044936
24750000,-109.827003899,-109.943483111
24800000,-109.832068902,-109.964254339
24850000,-109.835936098,-109.947786189
24900000,-109.817898379,-109.978265896
24950000,-109.826717617,-109.974256199
25000000,-109.83429789,-109.966512348
25050000,-109.808545518,-109.962851498
25100000,-109.817826149,-109.928050447
25150000,-109.823232651,-109.95769718
25200000,-109.809711982,-109.925168793
25250000,-109.800371821,-109.942587379
25300000,-109.798482566,-109.970310115
25350000,-109.786320022,-109.910769812
25400000,-109.796178908,-109.938263238
25450000,-109.798016124,-109.931361159
25500000,-109.79690858,-109.922535183
25550000,-109.780894767,-109.898170579
25600000,-109.77598495,-109.94231027
25650000,-109.779591537,-109.931505964
25700000,-109.775620994,-109.928830361
25750000,-109.7834221,-109.941054348
25800000,-109.76863304,-109.893676219
25850000,-109.789905125,-109.902216175
25900000,-109.769418142,-109.866514361
25950000,-109.762013342,-109.915754855
26000000,-109.741420713,-109.864427043
26050000,-109.765708504,-109.88889316
26100000,-109.758022785,-109.864027448
26150000,-109.751746119,-109.86556297
26200000,-109.753585863,-109.900321537
26250000,-109.745141412,-109.863182564
26300000,-109.743244952,-109.892117379
26350000,-109.731051646,-109.883565767
26400000,-109.741908032,-109.880120733
26450000,-109.731080063,-109.912123508
26500000,-109.728508289,-109.898447086
26550000,-109.721989108,-109.9025656
26600000,-109.734547829,-109.818509165
26650000,-109.726050207,-109.859783399
26700000,-109.72860165,-109.883690776
26750000,-109.717789381,-109.837032373
26800000,-109.71131005,-109.864041086
26850000,-109.711374301,-109.876819386
26900000,-109.713203834,-109.801115243
26950000,-109.730659981,-109.873132283
27000000,-109.712373654,-109.904827532
27050000,-109.722501058,-109.835972365
27100000,-109.701843168,-109.830573848
27150000,-109.695341578,-109.843231337
27200000,-109.700774524,-109.852154973
27250000,-109.689885556,-109.827641071
27300000,-109.689454755,-109.857862739
27350000,-109.709964559,-109.850727269
27400000,-109.691875395,-109.840648125
27450000,-109.684563263,-109.79332045
27500000,-109.671506456,-109.826536035
27550000,-109.699286781,-109.849378537
27600000,-109.690899314,-109.812957952
27650000,-109.684216819,-109.840215752
27700000,-109.662010154,-109.778209423
27750000,-109.673365972,-109.839486239
27800000,-109.673868834,-109.817505184
27850000,-109.672038247,-109.828961832
27900000,-109.688986001,-109.826191244
27950000,-109.661606769,-109.824201732
28000000,-109.657707598,-109.793260516
28050000,-109.653067883,-109.815240943
28100000,-109.65172046,-109.818377227
28150000,-109.656266205,-109.803907926
28200000,-109.663986685,-109.843735941
28250000,-109.643073274,-109.767751003
28300000,-109.648212469,-109.770224942
28350000,-109.647357722,-109.799440161
28400000,-109.652829699,-109.756019861
28450000,-109.641793462,-109.841275346
28500000,-109.640031174,-109.781953897
28550000,-109.647064482,-109.791308681
28600000,-109.637412714,-109.780302212
28650000,-109.64449676,-109.763383672
28700000,-109.636430461,-109.752618397
28750000,-109.62914429,-109.820882239
28800000,-109.605609402,-109.808890937
28850000,-109.63394486,-109.765880271
28900000,-109.629822008,-109.745297903
28950000,-109.63360877,-109.730062213
29000000,-109.608177652,-109.744198584
29050000,-109.631684,-109.786118692
29100000,-109.613110762,-109.775099512
29150000,-109.624730263,-109.806429328
29200000,-109.627692055,-109.7440296
29250000,-109.613837676,-109.775238871
29300000,-109.611289029,-109.766488708
29350000,-109.617344098,-109.737313081
29400000,-109.61996264,-109.76136743
29450000,-109.611866534,-109.756798195
29500000,-109.595511172,-109.791900983
29550000,-109.596653395,-109.73165549
29600000,-109.596873966,-109.744703369
29650000,-109.609842894,-109.767493598
29700000,-109.611124584,-109.727994228
29750000,-109.607533063,-109.738065693
29800000,-109.58819874,-109.751894781
29850000,-109.574965734,-109.754538366
29900000,-109.584651415,-109.762956996
29950000,-109.577029379,-109.757890031
30000000,-109.576039319,-109.716863014
30050000,-109.604121281,-109.747763699
30100000,-109.565326269,-109.764928561
30150000,-109.572038076,-109.718234489
30200000,-109.577959236,-109.737227741
30250000,-109.575300724,-109.711184194
30300000,-109.557890786,-109.687849628
30350000,-109.562573802,-109.735564347
30400000,-109.578949896,-109.730890351
30450000,-109.561976566,-109.723333604
30500000,-109.563933931,-109.684897198
30550000,-109.587146777,-109.684986032
30600000,-109.554514219,-109.738472989
30650000,-109.547734364,-109.727511935
30700000,-109.573663756,-109.710899918
30750000,-109.541886578,-109.687490229
30800000,-109.558337462,-109.773281496
30850000,-109.554059613,-109.701506028
30900000,-109.549323228,-109.687887867
30950000,-109.555325431,-109.673040805
31000000,-109.52913537,-109.700314537
31050000,-109.538322835,-109.676554662
31100000,-109.543653555,-109.655546166
31150000,-109.529594205,-109.632586406
31200000,-109.548870852,-109.664215807
31250000,-109.527644834,-109.716638488
31300000,-109.525354912,-109.691889922
31350000,-109.530479192,-109.662715524
31400000,-109.524138608,-109.638949052
31450000,-109.528628539,-109.699559031
31500000,-109.528795348,-109.695091675
31550000,-109.527793495,-109.713041071
31600000,-109.5229781,-109.722695629
31650000,-109.529897836,-109.69350079
31700000,-109.534675749,-109.694650728
31750000,-109.50952534,-109.623933455
31800000,-109.504880048,-109.635916161
31850000,-109.509636359,-109.643027156
31900000,-109.513992848,-109.671274731
31950000,-109.487414364,-109.650722725
32000000,-109.510355265,-109.642985542
32050000,-109.506607552,-109.684383312
32100000,-109.518295659,-109.668135944
32150000,-109.496273396,-109.620919999
32200000,-109.510753138,-109.671632614
32250000,-109.503951457,-109.631379353
32300000,-109.519483091,-109.65812266
32350000,-109.494530861,-109.661242915
32400000,-109.498473028,-109.660288222
32450000,-109.488750339,-109.684608914
32500000,-109.515641478,-109.648062041
32550000,-109.492239763,-109.626428758
32600000,-109.498426597,-109.661763608
32650000,-109.488393862,-109.635470159
32700000,-109.493891534,-109.620978218
32750000,-109.478856522,-109.656021397
32800000,-109.473864107,-109.670304783
32850000,-109.467130971,-109.637328901
32900000,-109.458610659,-109.638263284
32950000,-109.481060417,-109.617210783
33000000,-109.465874112,-109.609661036
33050000,-109.470058922,-109.606636439
33100000,-109.459943482,-109.582042836
33150000,-109.465502401,-109.622535755
33200000,-109.4729428,-109.596315517
33250000,-109.475902476,-109.625984522
33300000,-109.457070457,-109.625777167
33350000,-109.473870155,-109.598890346
33400000,-109.452414948,-109.574785638
33450000,-109.477357179,-109.628193659
33500000,-109.481429841,-109.585499476
33550000,-109.466014075,-109.62588655
33600000,-109.452636548,-109.607623452
33650000,-109.448982588,-109.5851396
33700000,-109.442840931,-109.631468464
33750000,-109.455578743,-109.640505193
33800000,-109.445909653,-109.610521159
33850000,-109.445171732,-109.631438252
33900000,-109.449694158,-109.58285357
33950000,-109.430183514,-109.613543341
34000000,-109.465374803,-109.602638845
34050000,-109.44504192,-109.601151157
34100000,-109.448427079,-109.582076653
34150000,-109.432450805,-109.542749214
34200000,-109.439645226,-109.61836732
34250000,-109.45179712,-109.585427107
34300000,-109.451536061,-109.589293719
34350000,-109.418750017,-109.589307305
34400000,-109.443452193,-109.610285875
34450000,-109.428311896,-109.604784541
34500000,-109.437053074,-109.563316827
34550000,-109.42089333,-109.581031356
34600000,-109.427466175,-109.595513393
34650000,-109.418622541,-109.568552425
34700000,-109.415020795,-109.564307754
34750000,-109.422788497,-109.583055858
34800000,-109.411838021,-109.578596965
34850000,-109.425760847,-109.582958831
34900000,-109.414790611,-109.558756107
34950000,-109.422141878,-109.584072355
35000000,-109.423675686,-109.560017464
35050000,-109.413725879,-109.545722882
35100000,-109.421925951,-109.547169554
35150000,-109.41420821,-109.573135466
35200000,-109.401068557,-109.589941999
35250000,-109.403682007,-109.520140778
35300000,-109.406923755,-109.562914784
35350000,-109.402135923,-109.579108148
35400000,-109.418608208,-109.550096906
35450000,-109.390812485,-109.57829837
35500000,-109.411405612,-109.568228527
35550000,-109.388700616,-109.554431981
35600000,-109.392519595,-109.54871819
35650000,-109.412204272,-109.496624166
35700000,-109.402058608,-109.575005042
35750000,-109.401749556,-109.582086845
35800000,-109.402131816,-109.561743377
35850000,-109.388818926,-109.559280085
35900000,-109.399296073,-109.547357386
35950000,-109.385824038,-109.580040299
36000000,-109.382507283,-109.511424007
36050000,-109.378691568,-109.549004597
36100000,-109.380402508,-109.559862153
36150000,-109.396219559,-109.538324597
36200000,-109.388525964,-109.579382421
36250000,-109.372066983,-109.539824334
36300000,-109.378564919,-109.517274682
36350000,-109.394982399,-109.532289883
36400000,-109.371677797,-109.550136128
36450000,-109.379189779,-109.516052258
36500000,-109.378601098,-109.564426556
36550000,-109.362114002,-109.50798027
36600000,-109.384254633,-109.509650738
36650000,-109.357475048,-109.524343001
36700000,-109.351620785,-109.576120263
36750000,-109.374675217,-109.513125248
36800000,-109.364218706,-109.548720791
36850000,-109.360273321,-109.526410479
36900000,-109.377125153,-109.542084146
36950000,-109.343709333,-109.521122511
37000000,-109.35798319,-109.537965581
37050000,-109.365509153,-109.496949028
37100000,-109.368767871,-109.556231123
37150000,-109.355257957,-109.498122813
37200000,-109.345244619,-109.537854251
37250000,-109.35549546,-109.498175935
37300000,-109.341081894,-109.517682646
37350000,-109.339017758,-109.516964279
37400000,-109.361078944,-109.506208105
37450000,-109.359606276,-109.51962368
37500000,-109.357498604,-109.51467956
37550000,-109.348157568,-109.50600128
37600000,-109.349220158,-109.493317479
37650000,-109.333060132,-109.502178714
37700000,-109.344278778,-109.477307775
37750000,-109.356638931,-109.489116089
37800000,-109.340983397,-109.506390598
37850000,-109.333636436,-109.517561501
37900000,-109.328328589,-109.511868484
37950000,-109.336302166,-109.497477116
38000000,-109.326663046,-109.495759549
38050000,-109.33181161,-109.472495775
38100000,-109.334784384,-109.487312525
38150000,-109.335285227,-109.484904191
38200000,-109.338963491,-109.503630339
38250000,-109.327313016,-109.480708743
38300000,-109.330647291,-109.442220136
38350000,-109.318647561,-109.472822982
38400000,-109.32222281,-109.489890805
38450000,-109.325323737,-109.467281586
38500000,-109.333103994,-109.487700456
38550000,-109.323669243,-109.469235121
38600000,-109.314537649,-109.488652244
38650000,-109.328166591,-109.452955369
38700000,-109.310281031,-109.479589775
38750000,-109.307775065,-109.468262947
38800000,-109.329984699,-109.475371462
38850000,-109.310229489,-109.472668186
38900000,-109.313932268,-109.465981303
38950000,-109.318968212,-109.425351957
39000000,-109.32516239,-109.449227461
39050000,-109.30974156,-109.426499232
39100000,-109.327346972,-109.434907456
39150000,-109.30300654,-109.460601559
39200000,-109.297590332,-109.430418525
39250000,-109.293793416,-109.459894393
39300000,-109.298413491,-109.462014516
39350000,-109.298023122,-109.489224131
39400000,-109.303008331,-109.483157091
39450000,-109.296799209,-109.414753877
39500000,-109.310348687,-109.494625216
39550000,-109.304061226,-109.43266282
39600000,-109.289495559,-109.436070971
39650000,-109.295910974,-109.450312299
39700000,-109.296235122,-109.450403177
39750000,-109.295225583,-109.42245169
39800000,-109.301412448,-109.418070173
39850000,-109.284139264,-109.443051764
39900000,-109.261412263,-109.422434409
39950000,-109.283590733,-109.438472224
40000000,-109.270814129,-109.479492635
40050000,-109.275318959,-109.436205153
40100000,-109.284383814,-109.447063841
40150000,-109.280161073,-109.467133712
40200000,-109.288325164,-109.439469241
40250000,-109.282831318,-109.439242726
40300000,-109.281828481,-109.469250876
40350000,-109.271205143,-109.432870894
40400000,-109.273778922,-109.434492188
40450000,-109.279770707,-109.410867356
40500000,-109.269413494,-109.430449213
40550000,-109.264040737,-109.418353173
40600000,-109.26676885,-109.426763395
40650000,-109.283647339,-109.414253426
40700000,-109.267814009,-109.391093374
40750000,-109.249956229,-109.429753003
40800000,-109.261496944,-109.445201972
40850000,-109.258652118,-109.42251838
40900000,-109.265622419,-109.394625634
40950000,-109.261999181,-109.351726803
41000000,-109.253693251,-109.402625375
41050000,-109.264161547,-109.408385354
41100000,-109.275464518,-109.43854099
41150000,-109.256226069,-109.432891779
41200000,-109.263744588,-109.436530832
41250000,-109.261329903,-109.407490449
41300000,-109.256599566,-109.410804617
41350000,-109.255786331,-109.435414966
41400000,-109.247971361,-109.424239513
41450000,-109.262093016,-109.426062021
41500000,-109.247697541,-109.385871768
41550000,-109.236187523,-109.447075429
41600000,-109.262079449,-109.405585324
41650000,-109.257085472,-109.38912741
41700000,-109.25929421,-109.414056372
41750000,-109.248510671,-109.406822946
41800000,-109.244011838,-109.378154808
41850000,-109.255102186,-109.442678658
41900000,-109.228339009,-109.383177099
41950000,-109.260198772,-109.367970397
42000000,-109.226487913,-109.384873603
42050000,-109.225296536,-109.402355149
42100000,-109.24513741,-109.402943624
42150000,-109.245098919,-109.393314546
42200000,-109.259632837,-109.396267912
42250000,-109.22173088,-109.474810852
42300000,-109.233080403,-109.392118372
42350000,-109.236407454,-109.43034382
42400000,-109.244762992,-109.392408536
42450000,-109.242717271,-109.385494529
42500000,-109.228244843,-109.414580789
42550000,-109.213805314,-109.433405087
42600000,-109.210257444,-109.364877972
42650000,-109.22267074,-109.350962003
42700000,-109.23887896,-109.387736907
42750000,-109.227365234,-109.377704596
42800000,-109.234583511,-109.386205275
42850000,-109.217712994,-109.375653446
42900000,-109.231407164,-109.357603026
42950000,-109.233270333,-109.387415538
43000000,-109.201264733,-109.393940223
43050000,-109.238594099,-109.372958043
43100000,-109.208960916,-109.362810937
43150000,-109.224869559,-109.384174206
43200000,-109.228191155,-109.39367418
43250000,-109.223664673,-109.38586746
43300000,-109.209758907,-109.38380389
43350000,-109.214720106,-109.401968327
43400000,-109.211756086,-109.328641175
43450000,-109.218032171,-109.359415899
43500000,-109.206917565,-109.365599282
43550000,-109.205124428,-109.371231079
43600000,-109.211074444,-109.370108354
43650000,-109.207729038,-109.343518369
43700000,-109.196494054,-109.342528504
43750000,-109.203386552,-109.398354066
43800000,-109.209761314,-109.342749388
43850000,-109.207093152,-109.370193962
43900000,-109.203585847,-109.345728764
43950000,-109.18973681,-109.375512372
44000000,-109.18223086,-109.357303487
44050000,-109.211278188,-109.360976785
44100000,-109.20417926,-109.345911695
44150000,-109.19712687,-109.339789952
44200000,-109.197868312,-109.38840477
44250000,-109.212742429,-109.371316557
44300000,-109.187295959,-109.353047997
44350000,-109.218846428,-109.355341863
44400000,-109.18932397,-109.332560633
44450000,-109.202642048,-109.338519846
44500000,-109.210184093,-109.387074856
44550000,-109.193944541,-109.364457232
44600000,-109.190873897,-109.345401099
44650000,-109.191487166,-109.353587719
44700000,-109.185364937,-109.337737421
44750000,-109.190006663,-109.357791691
44800000,-109.175707247,-109.337272014
44850000,-109.190975353,-109.366233817
44900000,-109.167209034,-109.339737066
44950000,-109.192280349,-109.392811845
45000000,-109.189698191,-109.361981217
45050000,-109.1876843,-109.311791965
45100000,-109.186568183,-109.306427622
45150000,-109.183349269,-109.354212674
45200000,-109.186273089,-109.346720916
45250000,-109.1752611,-109.355639839
45300000,-109.170613433,-109.32286401
45350000,-109.187355163,-109.366669064
45400000,-109.185445395,-109.340805993
45450000,-109.162101192,-109.351377178
45500000,-109.161143472,-109.354939926
45550000,-109.172128528,-109.357436
45600000,-109.187606465,-109.331419773
45650000,-109.167533628,-109.331581817
45700000,-109.168864288,-109.320951123
45750000,-109.176393253,-109.343395741
45800000,-109.17660752,-109.332493106
45850000,-109.16821931,-109.285787309
45900000,-109.160167788,-109.37118496
45950000,-109.15910185,-109.366503865
46000000,-109.161474839,-109.328206027
46050000,-109.174122174,-109.325609839
46100000,-109.158428946,-109.330427191
46150000,-109.156941367,-109.329903784
46200000,-109.150533842,-109.317171228
46250000,-109.162495365,-109.308368421
46300000,-109.152817011,-109.30050212
46350000,-109.152998671,-109.319143719
46400000,-109.139379284,-109.284043169
46450000,-109.152075196,-109.287892424
46500000,-109.149939265,-109.31710861
46550000,-109.15060574,-109.371234591
46600000,-109.145668789,-109.295884765
46650000,-109.144594189,-109.314776663
46700000,-109.162933941,-109.29826887
46750000,-109.1411782,-109.281596724
46800000,-109.145000385,-109.308992711
46850000,-109.140653827,-109.298134473
46900000,-109.150329235,-109.278733592
46950000,-109.15405576,-109.278821472
47000000,-109.150584015,-109.267089256
47050000,-109.137625614,-109.314851835
47100000,-109.137906221,-109.260510204
47150000,-109.142141355,-109.297977123
47200000,-109.132395179,-109.326772515
47250000,-109.144607541,-109.314463032
47300000,-109.144680222,-109.284931107
47350000,-109.152291894,-109.268879863
47400000,-109.147193932,-109.311736447
47450000,-109.138799968,-109.272386623
47500000,-109.1442894,-109.293638854
47550000,-109.145305139,-109.254408181
47600000,-109.124443549,-109.303946964
47650000,-109.15682385,-109.30838858
47700000,-109.132451476,-109.269430159
47750000,-109.124803929,-109.299057338
47800000,-109.128792055,-109.289760284
47850000,-109.110482023,-109.298670247
47900000,-109.126316867,-109.328172666
47950000,-109.128718356,-109.262196035
48000000,-109.128337265,-109.298172017
48050000,-109.106446167,-109.274122053
48100000,-109.125663366,-109.325139678
48150000,-109.134282966,-109.272993997
48200000,-109.124543151,-109.260501855
48250000,-109.129392059,-109.294318662
48300000,-109.134581516,-109.274826592
48350000,-109.123156447,-109.302175373
48400000,-109.129248544,-109.295733012
48450000,-109.107484476,-109.285174632
48500000,-109.125245894,-109.286329751
48550000,-109.116067202,-109.30098993
48600000,-109.09122575,-109.304614206
48650000,-109.109624191,-109.272248339
48700000,-109.117653713,-109.283197979
48750000,-109.096647453,-109.25715354
48800000,-109.111472541,-109.280553705
48850000,-109.109780569,-109.2977318
48900000,-109.107554943,-109.273904342
48950000,-109.107841914,-109.306952883
49000000,-109.103859811,-109.23537054
49050000,-109.106918587,-109.279021651
49100000,-109.134197201,-109.26629776
49150000,-109.107518378,-109.285887658
49200000,-109.106934655,-109.273471399
49250000,-109.107811936,-109.279651493
49300000,-109.109853576,-109.2623008
49350000,-109.118554728,-109.276960671
49400000,-109.102235035,-109.269259881
49450000,-109.103327307,-109.326903349
49500000,-109.097015712,-109.265985926
49550000,-109.119976651,-109.272266499
49600000,-109.115819424,-109.241736483
49650000,-109.103656013,-109.29856675
49700000,-109.10051164,-109.266869252
49750000,-109.091149208,-109.234121557
49800000,-109.100804559,-109.286533085
49850000,-109.100559237,-109.278821903
49900000,-109.092440233,-109.225212556
49950000,-109.09618401,-109.25270318
50000000,-109.114386969,-109.230253177
50050000,-109.098130322,-109.236689181
50100000,-109.090591553,-109.27172007
50150000,-109.089764295,-109.281112322
50200000,-109.092392973,-109.236786612
50250000,-109.094637539,-109.218704357
50300000,-109.097768076,-109.275454372
50350000,-109.081555978,-109.242039371
50400000,-109.105372266,-109.281797941
50450000,-109.086410709,-109.235734544
50500000,-109.07988965,-109.25571657
50550000,-109.096402116,-109.273653746
50600000,-109.085004159,-109.214595955
50650000,-109.076520356,-109.238274405
50700000,-109.072538481,-109.271047432
50750000,-109.087839653,-109.246833976
50800000,-109.071622247,-109.25590559
50850000,-109.066986956,-109.236763296
50900000,-109.079946598,-109.233811782
50950000,-109.086550076,-109.225114443
51000000,-109.08107797,-109.285040911
51050000,-109.095182522,-109.265263544
51100000,-109.078009701,-109.217780085
51150000,-109.069463093,-109.246313075
51200000,-109.093374127,-109.248291465
51250000,-109.083171138,-109.253353386
51300000,-109.067505153,-109.277450245
51350000,-109.078009829,-109.27134547
51400000,-109.054710125,-109.269944717
51450000,-109.082923679,-109.206151155
51500000,-109.077215147,-109.233789211
51550000,-109.090882461,-109.22118839
51600000,-109.064391496,-109.260523644
51650000,-109.073246671,-109.219433497
51700000,-109.073677771,-109.203919064
51750000,-109.071918321,-109.241308928
51800000,-109.086127038,-109.238057854
51850000,-109.058366322,-109.240067116
51900000,-109.069148899,-109.236349257
51950000,-109.050234029,-109.245008812
52000000,-109.059569198,-109.207613205
52050000,-109.058752167,-109.19498585
52100000,-109.062581547,-109.218981306
52150000,-109.073316918,-109.197733421
52200000,-109.092065018,-109.269864505
52250000,-109.054124433,-109.245689444
52300000,-109.060399857,-109.203606313
52350000,-109.060648745,-109.210469207
52400000,-109.066497709,-109.227205619
52450000,-109.02915818,-109.236895112
52500000,-109.049774648,-109.244399571
52550000,-109.057704774,-109.211966232
52600000,-109.057227114,-109.229457441
52650000,-109.055211127,-109.197631851
52700000,-109.052846715,-109.20482627
52750000,-109.068148031,-109.233784732
52800000,-109.048355932,-109.206274467
52850000,-109.040543803,-109.186907361
52900000,-109.051301366,-109.214959888
52950000,-109.038664465,-109.213946633
53000000,-109.048602647,-109.17066499
53050000,-109.045793422,-109.208044245
53100000,-109.049415781,-109.222139328
53150000,-109.041939419,-109.185499189
53200000,-109.053572961,-109.190389293
53250000,-109.039902817,-109.240541432
53300000,-109.035030831,-109.207451928
53350000,-109.039851631,-109.251757854
53400000,-109.038014982,-109.199894873
53450000,-109.042077222,-109.182290985
53500000,-109.01762079,-109.205371829
53550000,-109.044803435,-109.212343029
53600000,-109.040776004,-109.201905724
53650000,-109.04154463,-109.183740749
53700000,-109.054885587,-109.2016993
53750000,-109.038368391,-109.191937886
53800000,-109.047568821,-109.175110795
53850000,-109.01728089,-109.22180581
53900000,-109.024193496,-109.195176369
53950000,-109.043074747,-109.1712967
54000000,-109.035437291,-109.224367911
54050000,-109.046599424,-109.201608364
54100000,-109.029281416,-109.18454599
54150000,-109.010114001,-109.189569926
54200000,-109.02213841,-109.162150276
54250000,-109.035107186,-109.196755299
54300000,-109.04011139,-109.175001085
54350000,-109.042646556,-109.196407958
54400000,-109.005648802,-109.249739053
54450000,-109.03871122,-109.21327958
54500000,-109.039711778,-109.173365703
54550000,-109.025555362,-109.186666787
54600000,-109.012244057,-109.201522101
54650000,-109.034769318,-109.180300954
54700000,-109.04279107,-109.169100074
54750000,-109.039535547,-109.163060953
54800000,-109.036013018,-109.183276154
54850000,-109.022505926,-109.207143061
54900000,-109.020069882,-109.192597964
54950000,-109.02038304,-109.190348231
55000000,-109.019630917,-109.182134756
55050000,-109.015091644,-109.15506366
55100000,-109.018794307,-109.150368857
55150000,-109.021865065,-109.175896703
55200000,-109.015240204,-109.186597034
55250000,-109.027646587,-109.207978032
55300000,-109.019208936,-109.232494487
55350000,-109.010018446,-109.183010239
55400000,-109.014999005,-109.180934054
55450000,-109.013353891,-109.164666851
55500000,-109.012044883,-109.152564271
55550000,-109.009818746,-109.204241091
55600000,-109.032724014,-109.169988724
55650000,-109.00344232,-109.197636883
55700000,-109.009026454,-109.179938505
55750000,-109.008083807,-109.18864322
55800000,-108.99843071,-109.191364344
55850000,-109.001153735,-109.175436919
55900000,-109.006023304,-109.192943514
55950000,-109.021744034,-109.18236596
56000000,-108.999738401,-109.174054242
56050000,-109.007099457,-109.187091411
56100000,-108.992115454,-109.195568176
56150000,-108.999180782,-109.10385482
56200000,-109.005936217,-109.169791864
56250000,-109.007317329,-109.189229108
56300000,-109.026230925,-109.172450861
56350000,-109.024600205,-109.15159129
56400000,-108.995103803,-109.191935097
56450000,-108.990123619,-109.14947643
56500000,-108.996458436,-109.158908951
56550000,-108.998957945,-109.164866339
56600000,-108.998507908,-109.184376178
56650000,-108.990500629,-109.133151378
56700000,-109.008782592,-109.181023001
56750000,-108.992060601,-109.183247821
56800000,-109.002293935,-109.156296618
56850000,-109.002144897,-109.163950266
56900000,-108.993176051,-109.139304111
56950000,-108.999653093,-109.123317009
57000000,-108.997511521,-109.194141471
57050000,-108.977440423,-109.154559286
57100000,-108.982258891,-109.154754011
57150000,-108.992519645,-109.207586167
57200000,-108.999022048,-109.192922874
57250000,-108.97911319,-109.197071908
57300000,-108.992986774,-109.126743815
57350000,-108.980576503,-109.123929011
57400000,-108.99964577,-109.179628419
57450000,-108.980235937,-109.132839276
57500000,-108.986241889,-109.148541097
57550000,-108.978978886,-109.175021677
57600000,-108.995920242,-109.145766638
57650000,-108.985216936,-109.129027381
57700000,-108.979911335,-109.133374643
57750000,-109.004493404,-109.131490945
57800000,-108.978547615,-109.164291867
57850000,-108.989536637,-109.093993636
57900000,-108.976772622,-109.141988735
57950000,-108.996485828,-109.132094192
58000000,-108.981762016,-109.143924084
58050000,-109.00048672,-109.129371431
58100000,-108.984492378,-109.138736145
58150000,-108.990684739,-109.135209254
58200000,-108.973178171,-109.160479092
58250000,-108.968891758,-109.128702056
58300000,-108.976750935,-109.144817199
58350000,-108.982172268,-109.143678465
58400000,-108.978021488,-109.173144272
58450000,-108.968209716,-109.140387035
58500000,-108.985763856,-109.1275115
58550000,-108.976199849,-109.125946943
58600000,-108.975566544,-109.151351244
58650000,-108.967002318,-109.145852379
58700000,-108.976740764,-109.125782843
58750000,-108.966681343,-109.109566476
58800000,-108.976725372,-109.117193534
58850000,-108.979391722,-109.119329253
58900000,-108.965333098,-109.112096463
58950000,-108.971561026,-109.154076372
59000000,-108.964725285,-109.116506258
59050000,-108.967761942,-109.145502407
59100000,-108.976975974,-109.137586215
59150000,-108.95078978,-109.168976794
59200000,-108.971807849,-109.12471636
59250000,-108.954223022,-109.140642219
59300000,-108.95856333,-109.142936728
59350000,-108.970319561,-109.138146094
59400000,-108.973462064,-109.09059657
59450000,-108.962043493,-109.103013426
59500000,-108.954325015,-109.113472117
59550000,-108.965120515,-109.145682658
59600000,-108.970167025,-109.11818551
59650000,-108.962339201,-109.105395326
59700000,-108.960749933,-109.137502763
59750000,-108.982928006,-109.157137382
59800000,-108.967319634,-109.124290456
59850000,-108.963732926,-109.131391033
59900000,-108.945293576,-109.081254245
59950000,-108.976839383,-109.132538817
60000000,-108.955030184,-109.121765623
60050000,-108.954031381,-109.10301615
60100000,-108.947190572,-109.117805038
60150000,-108.941367726,-109.076607804
60200000,-108.949867707,-109.135302895
60250000,-108.940931841,-109.148554617
60300000,-108.934367691,-109.096698209
60350000,-108.947965074,-109.085709928
60400000,-108.949489304,-109.099059184
60450000,-108.954383212,-109.140281221
60500000,-108.944454504,-109.110599037
60550000,-108.945568648,-109.101072422
60600000,-108.950489834,-109.112032967
60650000,-108.936296996,-109.066888643
60700000,-108.950840269,-109.137961012
60750000,-108.959777569,-109.12160226
60800000,-108.940258522,-109.104551744
60850000,-108.937531854,-109.093352188
60900000,-108.961788961,-109.102272677
60950000,-108.948426615,-109.132589244
61000000,-108.951152648,-109.08296979
61050000,-108.931484057,-109.098345672
61100000,-108.952319431,-109.101539817
61150000,-108.933491535,-109.094019797
61200000,-108.933234304,-109.084360877
61250000,-108.948332304,-109.069575157
61300000,-108.936175189,-109.137641915
61350000,-108.941624048,-109.071653561
61400000,-108.933635385,-109.083056363
61450000,-108.939602408,-109.137020186
61500000,-108.967661551,-109.122587254
61550000,-108.934137447,-109.081430458
61600000,-108.927931305,-109.088242448
61650000,-108.92782951,-109.085166027
61700000,-108.941646741,-109.115886374
61750000,-108.938073182,-109.093336077
61800000,-108.924436744,-109.092337871
61850000,-108.926299822,-109.12042966
61900000,-108.927051737,-109.098120094
61950000,-108.938357627,-109.072451425
62000000,-108.927372094,-109.083364705
62050000,-108.923041966,-109.093970788
62100000,-108.927828113,-109.123618029
62150000,-108.936434283,-109.10789884
62200000,-108.919532483,-109.107457288
62250000,-108.923590996,-109.059640785
62300000,-108.935310629,-109.100249344
62350000,-108.938833407,-109.136620619
62400000,-108.924208923,-109.11355211
62450000,-108.93223639,-109.107007288
62500000,-108.910061681,-109.118853696
62550000,-108.930272924,-109.14462932
62600000,-108.931164405,-109.091182309
62650000,-108.931974261,-109.099311267
62700000,-108.917254709,-109.124116242
62750000,-108.930599263,-109.052824655
62800000,-108.927888959,-109.068457671
62850000,-108.930158469,-109.081087831
62900000,-108.938625547,-109.120921173
62950000,-108.904876165,-109.078998179
63000000,-108.917899308,-109.082580674
63050000,-108.910859219,-109.100778353
63100000,-108.907859261,-109.077873378
63150000,-108.926433365,-109.080985914
63200000,-108.916512624,-109.073791132
63250000,-108.938738107,-109.082183031
63300000,-108.92158046,-109.110680269
63350000,-108.907152058,-109.101869292
63400000,-108.921719819,-109.087545115
63450000,-108.915630786,-109.079214183
63500000,-108.922465899,-109.046649152
63550000,-108.919782327,-109.065273359
63600000,-108.928714215,-109.065581583
63650000,-108.921371219,-109.081014801
63700000,-108.923762732,-109.119650148
63750000,-108.923133476,-109.097375544
63800000,-108.896424432,-109.062864918
63850000,-108.925472,-109.086098613
63900000,-108.895742446,-109.047455246
63950000,-108.929526237,-109.114941124
64000000,-108.914551186,-109.020112976
64050000,-108.914588814,-109.08499083
64100000,-108.917071622,-109.060680207
64150000,-108.893816049,-109.068691455
64200000,-108.921957674,-109.092519646
64250000,-108.918606304,-109.125675753
64300000,-108.918948919,-109.073609155
64350000,-108.914295907,-109.071013572
64400000,-108.888854976,-109.083983454
64450000,-108.909620636,-109.092562692
64500000,-108.899807074,-109.065760176
64550000,-108.883157147,-109.085449217
64600000,-108.927392607,-109.0460009
64650000,-108.918153184,-109.060551981
64700000,-108.917666991,-109.103311862
64750000,-108.896198333,-109.090030717
64800000,-108.901808501,-109.120081002
64850000,-108.915235969,-109.091764997
64900000,-108.906844257,-109.1082787
64950000,-108.90672771,-109.086454227
65000000,-108.891020142,-109.05203276
65050000,-108.900025453,-109.03814703
65100000,-108.920519117,-109.052873559
65150000,-108.895238635,-109.036430799
65200000,-108.900298343,-109.054984307
65250000,-108.893368249,-109.03695621
65300000,-108.902670753,-109.036417015
65350000,-108.884380243,-109.065837732
65400000,-108.907187236,-109.080067087
65450000,-108.885641902,-109.071371497
65500000,-108.87352635,-109.080253372
65550000,-108.894018552,-109.047863016
65600000,-108.896720466,-109.075074041
65650000,-108.912237891,-109.083097963
65700000,-108.894545878,-109.037249084
65750000,-108.892016035,-109.082577562
65800000,-108.897557364,-109.075329627
65850000,-108.904545042,-109.063135556
65900000,-108.899724135,-109.101300295
65950000,-108.89383173,-109.036519399
66000000,-108.899820514,-109.045017635
66050000,-108.897205559,-109.075453907
66100000,-108.909907113,-109.052674265
66150000,-108.903555182,-109.024106128
66200000,-108.900087897,-109.070556635
66250000,-108.888640811,-109.072359385
66300000,-108.883497115,-109.039129831
66350000,-108.895449637,-109.0496371
66400000,-108.896671053,-109.065394392
66450000,-108.862440152,-109.043901207
66500000,-108.880185136,-109.027371922
66550000,-108.888458941,-109.059480366
66600000,-108.884005069,-109.013170646
66650000,-108.909416759,-109.046237804
66700000,-108.897559752,-109.053619015
66750000,-108.891554471,-109.011853828
66800000,-108.87115244,-109.073752453
66850000,-108.87876388,-109.051729999
66900000,-108.890001147,-109.0382984
66950000,-108.881148483,-109.036815498
67000000,-108.894248013,-109.040961557
67050000,-108.889950172,-109.05941218
67100000,-108.877146006,-109.034756712
67150000,-108.890776631,-109.046960345
67200000,-108.883647362,-109.073684859
67250000,-108.870453917,-109.053866927
67300000,-108.879744683,-109.057517639
67350000,-108.879854451,-109.030140413
67400000,-108.89722218,-109.047215742
67450000,-108.89692957,-109.055780538
67500000,-108.863118149,-109.014664402
67550000,-108.883491541,-109.055104077
67600000,-108.871647465,-109.074979147
67650000,-108.879002618,-109.036910274
67700000,-108.865860123,-109.062098527
67750000,-108.880497888,-109.025917686
67800000,-108.87131842,-109.017847697
67850000,-108.866304962,-109.067361362
67900000,-108.857171086,-109.038987715
67950000,-108.863483911,-109.077547689
68000000,-108.871283752,-109.089636424
68050000,-108.865194496,-109.042253596
68100000,-108.890857697,-109.033101849
68150000,-108.875692215,-109.025195644
68200000,-108.871068477,-109.078843319
68250000,-108.88265313,-109.067789286
68300000,-108.863304317,-109.039338909
68350000,-108.868965979,-109.057864007
68400000,-108.859173569,-109.058299178
68450000,-108.865279181,-109.036360954
68500000,-108.863624889,-109.062601616
68550000,-108.849651165,-109.016632937
68600000,-108.870990394,-109.026095515
68650000,-108.866676314,-109.02379039
68700000,-108.888329261,-109.003026384
68750000,-108.860847944,-109.005156307
68800000,-108.877548127,-109.053960238
68850000,-108.863780944,-109.017464299
68900000,-108.856594737,-109.013255481
68950000,-108.858477153,-109.011875541
69000000,-108.860356619,-109.018446644
69050000,-108.854857646,-109.026281086
69100000,-108.867495613,-109.00378907
69150000,-108.85860697,-109.010363425
69200000,-108.842928355,-109.019555594
69250000,-108.85573457,-109.00287097
69300000,-108.871464809,-109.000267245
69350000,-108.865343133,-109.01455076
69400000,-108.858265898,-109.01931241
69450000,-108.846428584,-109.014420597
69500000,-108.867385194,-109.012852921
69550000,-108.851376737,-109.040988143
69600000,-108.867820569,-109.025162124
69650000,-108.868165815,-108.992686493
69700000,-108.849606558,-109.063002519
69750000,-108.857569991,-109.01003859
69800000,-108.859277225,-109.058701432
69850000,-108.855819118,-109.030764509
69900000,-108.865424081,-109.066912317
69950000,-108.857670867,-109.052555307
70000000,-108.852851123,-109.04580996
70050000,-108.867773567,-109.02849857
70100000,-108.855625462,-109.011033718
70150000,-108.866930656,-109.038288672
70200000,-108.846345665,-109.01245676
70250000,-108.864137296,-109.031350589
70300000,-108.855340934,-109.00972851
70350000,-108.8474622,-109.0562239
70400000,-108.844195176,-108.946661843
70450000,-108.820961583,-108.99292925
70500000,-108.848032342,-109.020121487
70550000,-108.850940584,-108.981704438
70600000,-108.850466251,-109.000641579
70650000,-108.84236421,-109.004659938
70700000,-108.833345601,-109.025251105
70750000,-108.84509251,-109.008697257
70800000,-108.843331258,-109.011546448
70850000,-108.846443793,-109.038647163
70900000,-108.849119541,-109.00257711
70950000,-108.844971469,-109.008443875
71000000,-108.843846301,-109.028510998
71050000,-108.845612268,-109.025562402
71100000,-108.85035044,-109.038561401
71150000,-108.84093098,-109.013066552
71200000,-108.838708267,-108.997304145
71250000,-108.858738547,-109.045904829
71300000,-108.85160019,-109.006004013
71350000,-108.840677798,-109.001746419
71400000,-108.855010293,-108.991470706
71450000,-108.824928539,-109.040967122
71500000,-108.850571412,-109.057703343
71550000,-108.819559054,-109.009617535
71600000,-108.844640226,-109.006728717
71650000,-108.85779544,-109.001182937
71700000,-108.84189862,-108.994870516
71750000,-108.833471073,-108.960359628
71800000,-108.853262812,-108.985319606
71850000,-108.836135483,-109.014351972
71900000,-108.808948438,-108.991642845
71950000,-108.836960042,-109.013476581
72000000,-108.847807327,-109.004018632
72050000,-108.82367786,-108.998377263
72100000,-108.823666156,-108.98493875
72150000,-108.833080463,-108.992387481
72200000,-108.827987144,-109.018586517
72250000,-108.828492821,-108.988441656
72300000,-108.816432008,-108.998436804
72350000,-108.807281612,-109.008238079
72400000,-108.834461095,-108.987333392
72450000,-108.82948691,-108.992612681
72500000,-108.835956034,-108.99379503
72550000,-108.820102667,-109.02377448
72600000,-108.817053496,-109.02533815
72650000,-108.839312109,-109.032445323
72700000,-108.829875219,-108.997239582
72750000,-108.83326581,-109.000798022
72800000,-108.828487532,-108.986959853
72850000,-108.816103977,-109.0156993
72900000,-108.825701701,-109.015585361
72950000,-108.82101493,-108.997219133
73000000,-108.840487463,-108.99895343
73050000,-108.828452844,-108.956427325
73100000,-108.821217662,-108.969767108
73150000,-108.816050749,-108.985151031
73200000,-108.820058407,-108.997505887
73250000,-108.827705574,-109.024082662
73300000,-108.829159974,-109.000127144
73350000,-108.824842425,-108.946026291
73400000,-108.824093134,-108.948652608
73450000,-108.814317936,-108.963351498
73500000,-108.820276824,-108.981116255
73550000,-108.806464244,-109.007239827
73600000,-108.816476678,-108.956985607
73650000,-108.812990797,-109.013684548
73700000,-108.833315625,-108.991058663
73750000,-108.812032162,-108.993357365
73800000,-108.815030056,-109.007193485
73850000,-108.824603413,-108.961581279
73900000,-108.815808306,-108.994527591
73950000,-108.823236268,-109.007744945
74000000,-108.832793499,-108.987662266
74050000,-108.812639636,-108.953945842
74100000,-108.811286221,-109.006134959
74150000,-108.803007369,-108.988904017
74200000,-108.816820384,-109.013099567
74250000,-108.81281764,-108.969111475
74300000,-108.798485332,-108.975311778
74350000,-108.80687207,-108.985331103
74400000,-108.82264634,-109.02628699
74450000,-108.796392714,-109.017655105
74500000,-108.81883501,-108.988466601
74550000,-108.799775551,-108.996280233
74600000,-108.804846652,-108.979389751
74650000,-108.814020099,-108.970159918
74700000,-108.808861868,-108.988107086
74750000,-108.813348744,-108.968667297
74800000,-108.798904018,-108.956985501
74850000,-108.81505798,-108.932598853
74900000,-108.803035287,-108.939787296
74950000,-108.816306511,-108.990125259
75000000,-108.828710689,-108.980674559
75050000,-108.788390523,-109.000198514
75100000,-108.817703614,-109.006509314
75150000,-108.813467142,-108.971914512
75200000,-108.806601137,-109.005635077
75250000,-108.815880727,-108.977849555
75300000,-108.811496229,-108.997531057
75350000,-108.829790446,-108.966620538
75400000,-108.810620519,-108.987704945
75450000,-108.797809248,-108.950457985
75500000,-108.816684464,-108.975347301
75550000,-108.816402525,-108.980837434
75600000,-108.80286212,-108.98378638
75650000,-108.80632648,-108.993981743
75700000,-108.793220876,-108.965467724
75750000,-108.793953218,-108.972433186
75800000,-108.808354781,-108.944423739
75850000,-108.801078688,-108.979570163
75900000,-108.81417395,-108.953058539
75950000,-108.802043539,-108.975906867
76000000,-108.806917327,-108.967962035
76050000,-108.807696216,-108.954432747
76100000,-108.78908487,-108.958114248
76150000,-108.787998056,-108.951395234
76200000,-108.799232432,-108.967602321
76250000,-108.795035737,-108.998014462
76300000,-108.788177022,-108.964607077
76350000,-108.80698623,-109.002546272
76400000,-108.795427894,-108.934900834
76450000,-108.795442696,-108.959374386
76500000,-108.785936489,-108.943171682
76550000,-108.799340717,-108.965942549
76600000,-108.804247466,-108.951715091
76650000,-108.812414934,-108.989362784
76700000,-108.798814118,-109.007744978
76750000,-108.799607228,-108.927307582
76800000,-108.793068805,-108.955520008
76850000,-108.784713079,-108.950139048
76900000,-108.781703398,-108.951969422
76950000,-108.782561533,-108.988777227
77000000,-108.814784398,-108.948201539
77050000,-108.790195787,-108.958913963
77100000,-108.785665924,-109.018040965
77150000,-108.798892646,-108.97988154
77200000,-108.773490103,-108.934900837
77250000,-108.775840639,-108.936074511
77300000,-108.787809523,-108.943980524
77350000,-108.786988831,-108.940253983
77400000,-108.777658654,-108.93545891
77450000,-108.7886424,-108.951920937
77500000,-108.786786174,-108.9492818
77550000,-108.781621995,-108.929466716
77600000,-108.782158189,-108.950094179
77650000,-108.791421016,-108.934342126
77700000,-108.78187711,-108.930950627
77750000,-108.779927369,-108.915475818
77800000,-108.784005953,-108.93336074
77850000,-108.784064871,-108.962697858
77900000,-108.781193222,-108.918168056
77950000,-108.764058469,-108.945774762
78000000,-108.785937229,-108.917925077
78050000,-108.796285949,-108.965236711
78100000,-108.780063505,-108.92856232
78150000,-108.798559653,-108.934314409
78200000,-108.764519689,-108.970307623
78250000,-108.780507352,-108.956119378
78300000,-108.785428478,-108.970641597
78350000,-108.796437491,-108.935835769
78400000,-108.767335869,-108.967135146
78450000,-108.771736892,-108.969371619
78500000,-108.788154834,-108.928707259
78550000,-108.781021248,-108.981093003
78600000,-108.77346197,-108.954264554
78650000,-108.776959105,-108.947947027
78700000,-108.765872645,-108.956265094
78750000,-108.77715014,-108.960289209
78800000,-108.785661191,-108.978381794
78850000,-108.78722164,-108.952451075
78900000,-108.774485482,-108.93299265
78950000,-108.770880954,-108.937583843
79000000,-108.760154366,-108.945645539
79050000,-108.780336148,-108.94913715
79100000,-108.765119638,-108.921297383
79150000,-108.76042005,-108.915576259
79200000,-108.774075138,-108.951683121
79250000,-108.783863747,-108.938231456
79300000,-108.770909519,-108.927065051
79350000,-108.757176626,-108.92066173
79400000,-108.75951542,-108.908162626
79450000,-108.772645704,-108.942655724
79500000,-108.750935053,-108.947121922
79550000,-108.780530097,-108.924267629
79600000,-108.773275858,-108.922738009
79650000,-108.76468836,-108.944368401
79700000,-108.774426741,-108.96072887
79750000,-108.783784894,-108.952818978
79800000,-108.765506095,-108.919128834
79850000,-108.77817762,-108.912364145
79900000,-108.756996149,-108.923236893
79950000,-108.764032716,-108.947784808
80000000,-108.766762096,-108.910114335
80050000,-108.765932615,-108.920091237
80100000,-108.758851527,-108.942595012
80150000,-108.790178771,-108.941476132
80200000,-108.773427463,-108.946961347
80250000,-108.753296787,-108.934791095
80300000,-108.765953142,-108.935050391
80350000,-108.759935023,-108.901847412
80400000,-108.749553385,-108.947291319
80450000,-108.756080878,-108.963288322
80500000,-108.767219781,-108.947584448
80550000,-108.767428672,-108.913896461
80600000,-108.765475456,-108.94893349
80650000,-108.77744406,-108.957121017
80700000,-108.755048732,-108.91980673
80750000,-108.76046761,-108.931966487
80800000,-108.754076066,-108.962564536
80850000,-108.773889742,-108.957225234
80900000,-108.751348775,-108.920034787
80950000,-108.759983954,-108.898683784
81000000,-108.736730106,-108.931701101
81050000,-108.75353965,-108.957592423
81100000,-108.758059453,-108.900855
81150000,-108.76736318,-108.965960195
81200000,-108.758004262,-108.943581488
81250000,-108.758899348,-108.936585371
81300000,-108.751484126,-108.941929685
81350000,-108.757776477,-108.934338202
81400000,-108.752917827,-108.916974327
81450000,-108.75302482,-108.876016953
81500000,-108.760199266,-108.939498544
81550000,-108.781188643,-108.932979081
81600000,-108.746338284,-108.913199613
81650000,-108.766829002,-108.961028986
81700000,-108.758318472,-108.917560051
81750000,-108.754149037,-108.931016335
81800000,-108.756728221,-108.914888727
81850000,-108.760238581,-108.962252966
81900000,-108.750302735,-108.905944682
81950000,-108.751045023,-108.928366167
82000000,-108.736925351,-108.906109579
82050000,-108.744659156,-108.930568273
82100000,-108.747244736,-108.935624895
82150000,-108.762559609,-108.932359811
82200000,-108.743782973,-108.951301197
82250000,-108.74624292,-108.947209514
82300000,-108.745899588,-108.897383007
82350000,-108.742293802,-108.894072774
82400000,-108.747861886,-108.970734248
82450000,-108.77972798,-108.894289624
82500000,-108.745847771,-108.88540456
82550000,-108.740520362,-108.919427709
82600000,-108.744932343,-108.951602557
82650000,-108.745370664,-108.909337153
82700000,-108.732449646,-108.909066908
82750000,-108.745121902,-108.943398077
82800000,-108.745337723,-108.888299004
82850000,-108.732770326,-108.943238118
82900000,-108.735335221,-108.917404637
82950000,-108.745106985,-108.937896964
83000000,-108.730104505,-108.898418268
83050000,-108.744377986,-108.944145802
83100000,-108.756369437,-108.912623924
83150000,-108.729917033,-108.917259469
83200000,-108.739318488,-108.91482741
83250000,-108.729094489,-108.946961831
83300000,-108.742606084,-108.893143858
83350000,-108.747375695,-108.8904776
83400000,-108.758403862,-108.907154506
83450000,-108.740637031,-108.96066445
83500000,-108.746144985,-108.886235399
83550000,-108.75050661,-108.952788423
83600000,-108.744673993,-108.900816722
83650000,-108.723427077,-108.918223495
83700000,-108.739533957,-108.904434638
83750000,-108.75501743,-108.920358274
83800000,-108.728766312,-108.896622058
83850000,-108.735893975,-108.894381176
83900000,-108.731787977,-108.877528017
83950000,-108.739339427,-108.909192719
84000000,-108.736868889,-108.932011686
84050000,-108.744579931,-108.92094385
84100000,-108.708057338,-108.931878229
84150000,-108.733322916,-108.891331997
84200000,-108.733399762,-108.91143791
84250000,-108.725100482,-108.877411783
84300000,-108.736137046,-108.912131137
84350000,-108.729978739,-108.88525498
84400000,-108.73736577,-108.872581497
84450000,-108.743302239,-108.867577024
84500000,-108.737604767,-108.919023572
84550000,-108.720494793,-108.959395769
84600000,-108.755809937,-108.86402649
84650000,-108.728092371,-108.899638532
84700000,-108.730770167,-108.906996874
84750000,-108.727122452,-108.910529397
84800000,-108.731283336,-108.887594321
84850000,-108.754789637,-108.873889221
84900000,-108.718965534,-108.870308868
84950000,-108.730914601,-108.845653429
85000000,-108.720690973,-108.878006999
85050000,-108.739166237,-108.915549233
85100000,-108.705622128,-108.925870315
85150000,-108.72538716,-108.837179932
85200000,-108.724896424,-108.919589219
85250000,-108.718824402,-108.883781544
85300000,-108.723224528,-108.874822763
85350000,-108.715700828,-108.901995959
85400000,-108.719119441,-108.903257297
85450000,-108.712261684,-108.926846967
85500000,-108.721739091,-108.921226061
85550000,-108.723200399,-108.921240209
85600000,-108.73316499,-108.907195696
85650000,-108.711662075,-108.938010929
85700000,-108.703556191,-108.926653594
85750000,-108.726674556,-108.873890098
85800000,-108.728524254,-108.869783163
85850000,-108.721049494,-108.902832826
85900000,-108.717298966,-108.912751593
85950000,-108.729402694,-108.874126081
86000000,-108.721686331,-108.923160061
86050000,-108.72025419,-108.878554243
86100000,-108.736587551,-108.950398375
86150000,-108.73676878,-108.891206961
86200000,-108.709586091,-108.897291724
86250000,-108.713460171,-108.901587637
86300000,-108.694180473,-108.908329731
86350000,-108.703713735,-108.901149804
86400000,-108.712995779,-108.921738165
86450000,-108.716749709,-108.832060197
86500000,-108.727074095,-108.881410571
86550000,-108.72160749,-108.896330097
86600000,-108.71582284,-108.867623587
86650000,-108.723939016,-108.890877317
86700000,-108.726109856,-108.915782287
86750000,-108.71641623,-108.898126454
86800000,-108.726025293,-108.915802566
86850000,-108.70502159,-108.880312858
86900000,-108.727517571,-108.871756605
86950000,-108.724057194,-108.916638722
87000000,-108.718808906,-108.891198455
87050000,-108.723748943,-108.891281004
87100000,-108.723770257,-108.878186467
87150000,-108.708883744,-108.916395475
87200000,-108.716578307,-108.88215768
87250000,-108.717289065,-108.895990295
87300000,-108.71458649,-108.864868292
87350000,-108.716886632,-108.901826005
87400000,-108.722262098,-108.858670814
87450000,-108.714376865,-108.888533352
87500000,-108.68503927,-108.859284468
87550000,-108.715346588,-108.911431261
87600000,-108.720431636,-108.884244114
87650000,-108.724290645,-108.899490758
87700000,-108.694097712,-108.899647397
87750000,-108.71206965,-108.880336584
87800000,-108.703093893,-108.893955801
87850000,-108.717073988,-108.847727847
87900000,-108.699919039,-108.908676661
87950000,-108.707866397,-108.909110442
88000000,-108.713390346,-108.881827563
88050000,-108.708438907,-108.887476298
88100000,-108.710635113,-108.8695803
88150000,-108.703346489,-108.870941922
88200000,-108.698773649,-108.913524942
88250000,-108.70335278,-108.918694152
88300000,-108.706736609,-108.871299895
88350000,-108.707853564,-108.927378372
88400000,-108.701755295,-108.847226226
88450000,-108.698649073,-108.942219453
88500000,-108.699662304,-108.832960856
88550000,-108.713197039,-108.852294914
88600000,-108.698255716,-108.889797156
88650000,-108.698053005,-108.880486477
88700000,-108.704130471,-108.87117062
88750000,-108.703494638,-108.884957197
88800000,-108.720826786,-108.870703166
88850000,-108.705849099,-108.873990239
88900000,-108.698140699,-108.879022416
88950000,-108.712517594,-108.908821522
89000000,-108.687813179,-108.851767724
89050000,-108.709847341,-108.888797181
89100000,-108.706071785,-108.918383853
89150000,-108.703028485,-108.86192062
89200000,-108.706966119,-108.896759706
89250000,-108.707982291,-108.92332693
89300000,-108.716086958,-108.870548221
89350000,-108.681109122,-108.894734721
89400000,-108.684104699,-108.87410751
89450000,-108.710370781,-108.895114674
89500000,-108.686164296,-108.869293179
89550000,-108.697699253,-108.885381898
89600000,-108.690713076,-108.84758667
89650000,-108.703241846,-108.87384235
89700000,-108.691450585,-108.840467401
89750000,-108.690189253,-108.871401963
89800000,-108.697740392,-108.874709842
89850000,-108.719312477,-108.875444792
89900000,-108.690536968,-108.930167381
89950000,-108.686365362,-108.862867354
90000000,-108.703700244,-108.867854793
90050000,-108.689868303,-108.887997654
90100000,-108.685963427,-108.872319645
90150000,-108.688708337,-108.860755261
90200000,-108.691715013,-108.841134947
90250000,-108.698854824,-108.867861848
90300000,-108.695528827,-108.873745411
90350000,-108.680411398,-108.89517062
90400000,-108.688900345,-108.875930364
90450000,-108.699784628,-108.863711864
90500000,-108.702380563,-108.840641709
90550000,-108.686257046,-108.829073908
90600000,-108.70877512,-108.868949532
90650000,-108.701672663,-108.866766252
90700000,-108.69854616,-108.898524346
90750000,-108.689819746,-108.888992975
90800000,-108.68502714,-108.86569443
90850000,-108.705336239,-108.892496773
90900000,-108.690438763,-108.864246873
90950000,-108.677282453,-108.84485234
91000000,-108.705932332,-108.871148051
91050000,-108.683535716,-108.877880001
91100000,-108.675218357,-108.849951883
91150000,-108.697023923,-108.88605453
91200000,-108.689979924,-108.894206798
91250000,-108.694052813,-108.857452235
91300000,-108.694766664,-108.863078427
91350000,-108.69335619,-108.864908079
91400000,-108.695811731,-108.858611913
91450000,-108.691303639,-108.879578801
91500000,-108.677231041,-108.812628825
91550000,-108.67995347,-108.874320589
91600000,-108.683521316,-108.826169736
91650000,-108.680875584,-108.878253237
91700000,-108.682656049,-108.821376655
91750000,-108.681482884,-108.820971312
91800000,-108.684904073,-108.861946997
91850000,-108.694337305,-108.856462104
91900000,-108.679432293,-108.869078469
91950000,-108.680122717,-108.885423886
92000000,-108.688232402,-108.883060458
92050000,-108.681759647,-108.817657908
92100000,-108.686676672,-108.815326094
92150000,-108.687867624,-108.860474199
92200000,-108.699945648,-108.833415334
92250000,-108.674663972,-108.866927145
92300000,-108.701707101,-108.861098538
92350000,-108.683637175,-108.852745768
92400000,-108.68640073,-108.827614824
92450000,-108.688246964,-108.826225663
92500000,-108.67528512,-108.844984126
92550000,-108.692552965,-108.817018487
92600000,-108.677201815,-108.814262431
92650000,-108.678589754,-108.841090568
92700000,-108.673307564,-108.867918796
92750000,-108.673670214,-108.870561273
92800000,-108.673128084,-108.87443181
92850000,-108.679480793,-108.87219607
92900000,-108.686085144,-108.879267563
92950000,-108.653053976,-108.820282069
93000000,-108.664542314,-108.840663152
93050000,-108.687015755,-108.871942528
93100000,-108.676189388,-108.834937474
93150000,-108.690176523,-108.850021982
93200000,-108.67711582,-108.828651476
93250000,-108.676051795,-108.847842326
93300000,-108.679030946,-108.864530492
93350000,-108.670691585,-108.849826934
93400000,-108.679753055,-108.844261341
93450000,-108.681493747,-108.82769309
93500000,-108.679667589,-108.839232886
93550000,-108.673406985,-108.849491001
93600000,-108.666914484,-108.882998818
93650000,-108.672842971,-108.842759645
93700000,-108.66424511,-108.862348436
93750000,-108.682546567,-108.856962257
93800000,-108.666967528,-108.844490349
93850000,-108.662000528,-108.833145156
93900000,-108.682881368,-108.867299196
93950000,-108.660089623,-108.874082877
94000000,-108.677787846,-108.83937914
94050000,-108.690715695,-108.842372214
94100000,-108.676667815,-108.776728565
94150000,-108.683269064,-108.843641462
94200000,-108.680448446,-108.870262875
94250000,-108.673547043,-108.81346006
94300000,-108.687260189,-108.80016921
94350000,-108.669605081,-108.834595985
94400000,-108.665269275,-108.817942864
94450000,-108.660483079,-108.820873822
94500000,-108.663547896,-108.877523016
94550000,-108.666849998,-108.825522755
94600000,-108.665570038,-108.862888556
94650000,-108.667629682,-108.827096519
94700000,-108.667641242,-108.856712421
94750000,-108.662635798,-108.839029664
94800000,-108.651703116,-108.861957405
94850000,-108.664294218,-108.79640955
94900000,-108.652042975,-108.852651973
94950000,-108.670941016,-108.838879485
95000000,-108.659487996,-108.834161631
95050000,-108.66441749,-108.901122593
95100000,-108.680196702,-108.854330407
95150000,-108.660928296,-108.852263662
95200000,-108.671391398,-108.812987627
95250000,-108.669366584,-108.850622458
95300000,-108.667856342,-108.816104855
95350000,-108.669651781,-108.844721959
95400000,-108.64788707,-108.832851548
95450000,-108.651286065,-108.811692099
95500000,-108.665847853,-108.850429987
95550000,-108.664396565,-108.804897423
95600000,-108.666823536,-108.849760951
95650000,-108.652745191,-108.845240745
95700000,-108.663087199,-108.819431101
95750000,-108.673813248,-108.835216837
95800000,-108.665626477,-108.817121539
95850000,-108.668460584,-108.849947762
95900000,-108.64737721,-108.83948491
95950000,-108.662375498,-108.821779288
96000000,-108.653053997,-108.856980616
96050000,-108.652931989,-108.82549116
96100000,-108.65172909,-108.828189471
96150000,-108.653739926,-108.822585061
96200000,-108.653456798,-108.821950357
96250000,-108.688721432,-108.847521955
96300000,-108.637340416,-108.83303976
96350000,-108.667726627,-108.84990866
96400000,-108.680157203,-108.800931922
96450000,-108.665695756,-108.827058975
96500000,-108.662645812,-108.834621584
96550000,-108.641304352,-108.852527714
96600000,-108.667195186,-108.791210543
96650000,-108.651841277,-108.852491667
96700000,-108.653724735,-108.859668751
96750000,-108.670771006,-108.827039248
96800000,-108.653806056,-108.816076134
96850000,-108.648880212,-108.821624356
96900000,-108.671528611,-108.815901915
96950000,-108.645931202,-108.779761631
97000000,-108.665223836,-108.796589037
97050000,-108.643291967,-108.833926242
97100000,-108.653727612,-108.841355503
97150000,-108.652061004,-108.826019436
97200000,-108.654441862,-108.854224211
97250000,-108.650007619,-108.850499591
97300000,-108.645260159,-108.853693311
97350000,-108.665333145,-108.814253879
97400000,-108.645269938,-108.881721275
97450000,-108.650666423,-108.807791121
97500000,-108.642815549,-108.806170109
97550000,-108.660551963,-108.789286703
97600000,-108.632396009,-108.826073805
97650000,-108.66732165,-108.83168243
97700000,-108.647095406,-108.80207488
97750000,-108.649886542,-108.801056788
97800000,-108.651645928,-108.835860421
97850000,-108.67081064,-108.846704208
97900000,-108.657136589,-108.883120272
97950000,-108.646140469,-108.792200156
98000000,-108.650927007,-108.822098593
98050000,-108.650339407,-108.810510558
98100000,-108.664409687,-108.794105801
98150000,-108.64751451,-108.830125793
98200000,-108.646540021,-108.81762638
98250000,-108.635175952,-108.828596591
98300000,-108.65438787,-108.827334695
98350000,-108.661492131,-108.811970172
98400000,-108.665889892,-108.851772302
98450000,-108.647216008,-108.812709248
98500000,-108.629099083,-108.836970299
98550000,-108.65595744,-108.813331551
98600000,-108.648013666,-108.811516796
98650000,-108.651712155,-108.812726572
98700000,-108.655426946,-108.856283718
98750000,-108.630778575,-108.813485134
98800000,-108.64402975,-108.785659783
98850000,-108.632450794,-108.822469954
98900000,-108.643701499,-108.80609096
98950000,-108.662150102,-108.803984965
99000000,-108.638196166,-108.838945978
99050000,-108.644408248,-108.821769424
99100000,-108.636813551,-108.821763536
99150000,-108.642703023,-108.819465039
99200000,-108.638459979,-108.767470792
99250000,-108.648026127,-108.812878763
99300000,-108.640352309,-108.816203614
99350000,-108.636450766,-108.809092608
99400000,-108.639379823,-108.82050372
99450000,-108.646853917,-108.824029069
99500000,-108.642391902,-108.816169625
99550000,-108.652467402,-108.798118332
99600000,-108.652544971,-108.846667302
99650000,-108.638097807,-108.789437087
99700000,-108.634174197,-108.839459969
99750000,-108.640371525,-108.807619793
99800000,-108.609648929,-108.850581129
99850000,-108.646641088,-108.781867337
99900000,-108.65418003,-108.82220671
99950000,-108.634241897,-108.804199174
100000000,-108.655028621,-108.815381139
