num_samples,L
50000,-224.869327209,-192.52911377
100000,-186.225368683,-178.095169067
150000,-173.475730774,-168.700317383
200000,-166.649631256,-162.949905396
250000,-160.803904846,-156.702896118
300000,-155.179146362,-152.383468628
350000,-151.148010315,-149.317504883
400000,-148.212214905,-147.212844849
450000,-145.771213257,-144.327606201
500000,-143.492296326,-142.174377441
550000,-141.265205826,-139.894012451
600000,-138.902877808,-137.579956055
650000,-136.844453094,-135.614212036
700000,-135.185397293,-133.940765381
750000,-133.651817978,-132.60899353
800000,-132.407651428,-131.490646362
850000,-131.260298508,-130.463027954
900000,-130.235481125,-129.498031616
950000,-129.251968048,-128.472381592
1000000,-128.367614594,-127.832633972
1050000,-127.616443359,-127.044250488
1100000,-126.677676941,-126.239646912
1150000,-125.975878128,-125.515090942
1200000,-125.333438187,-124.844909668
1250000,-124.614850525,-124.137672424
1300000,-123.962102356,-123.715576172
1350000,-123.324152313,-122.926940918
1400000,-122.760034668,-122.435523987
1450000,-122.224218246,-121.924789429
1500000,-121.81134523,-121.454246521
1550000,-121.31121579,-121.12059021
1600000,-120.833708115,-120.573661804
1650000,-120.496683548,-120.144012451
1700000,-120.144553909,-119.865402222
1750000,-119.756697983,-119.508377075
1800000,-119.315142548,-119.183288574
1850000,-118.992829742,-118.848373413
1900000,-118.682923996,-118.601371765
1950000,-118.354649612,-118.193374634
2000000,-118.044701218,-117.904876709
2050000,-117.751251801,-117.622688293
2100000,-117.463967087,-117.358360291
2150000,-117.204094452,-117.183677673
2200000,-116.90288414,-116.761726379
2250000,-116.687349075,-116.67048645
2300000,-116.437460587,-116.319252014
2350000,-116.150765396,-116.200424194
2400000,-115.961705032,-115.924911499
2450000,-115.736291,-115.601348877
2500000,-115.500062088,-115.424621582
2550000,-115.320200974,-115.229652405
2600000,-115.097972839,-115.09072876
2650000,-114.933806808,-114.951927185
2700000,-114.748156708,-114.747299194
2750000,-114.564760178,-114.570228577
2800000,-114.412343918,-114.436248779
2850000,-114.23874559,-114.182525635
2900000,-114.03240477,-114.119728088
2950000,-113.9051353,-113.954200745
3000000,-113.782302017,-113.71812439
3050000,-113.605091461,-113.70664978
3100000,-113.482979614,-113.550163269
3150000,-113.348256241,-113.422798157
3200000,-113.191018768,-113.326301575
3250000,-113.052428284,-113.12412262
3300000,-112.948603104,-113.058334351
3350000,-112.818970627,-112.854927063
3400000,-112.750690918,-112.747238159
3450000,-112.573725906,-112.771141052
3500000,-112.49968959,-112.491127014
3550000,-112.411473022,-112.463264465
3600000,-112.239465393,-112.276863098
3650000,-112.142952637,-112.225448608
3700000,-112.065284775,-112.204963684
3750000,-111.997147247,-112.078964233
3800000,-111.883953918,-111.977500916
3850000,-111.763783707,-111.949409485
3900000,-111.70155397,-111.752677917
3950000,-111.572522644,-111.618103027
4000000,-111.493090027,-111.604225159
4050000,-111.387745773,-111.486503601
4100000,-111.31138945,-111.45980072
4150000,-111.224906219,-111.336700439
4200000,-111.122653458,-111.295501709
4250000,-111.06525267,-111.192047119
4300000,-110.958208969,-111.167900085
4350000,-110.857207123,-110.947265625
4400000,-110.798511505,-110.929046631
4450000,-110.691147949,-110.926940918
4500000,-110.647429871,-110.883850098
4550000,-110.572834686,-110.691299438
4600000,-110.483150696,-110.573577881
4650000,-110.398369049,-110.567565918
4700000,-110.360495987,-110.572975159
4750000,-110.294902817,-110.444000244
4800000,-110.217040939,-110.379524231
4850000,-110.117948868,-110.299026489
4900000,-110.125558838,-110.217224121
4950000,-110.025874954,-110.121360779
5000000,-109.981649231,-110.106811523
5050000,-109.864300537,-110.090873718
5100000,-109.841963715,-110.053909302
5150000,-109.766986633,-109.901451111
5200000,-109.688273392,-109.851196289
5250000,-109.650481583,-109.834197998
5300000,-109.605820694,-109.757614136
5350000,-109.506178268,-109.786514282
5400000,-109.489109497,-109.641151428
5450000,-109.427955002,-109.5963974
5500000,-109.359307007,-109.54108429
5550000,-109.321943909,-109.536376953
5600000,-109.24194989,-109.476623535
5650000,-109.233042694,-109.335823059
5700000,-109.151292145,-109.312416077
5750000,-109.105857254,-109.344284058
5800000,-109.02092926,-109.24559021
5850000,-108.985922791,-109.274360657
5900000,-108.992342575,-109.097221375
5950000,-108.892403366,-109.020362854
6000000,-108.85765773,-109.01159668
6050000,-108.794377792,-109.017036438
6100000,-108.76610141,-108.893699646
6150000,-108.737812073,-109.026023865
6200000,-108.703886642,-108.876052856
6250000,-108.646885498,-108.878578186
6300000,-108.576886566,-108.880851746
6350000,-108.546729691,-108.782447815
6400000,-108.498393051,-108.819023132
6450000,-108.488363113,-108.709571838
6500000,-108.40388974,-108.694198608
6550000,-108.373231552,-108.656997681
6600000,-108.335428574,-108.579551697
6650000,-108.257534363,-108.583099365
6700000,-108.281258301,-108.523986816
6750000,-108.211032944,-108.46559906
6800000,-108.185417328,-108.4741745
6850000,-108.172270386,-108.455596924
6900000,-108.086549225,-108.314491272
6950000,-108.097126419,-108.377861023
7000000,-108.029834305,-108.331848145
7050000,-108.005140045,-108.297622681
7100000,-107.957024536,-108.208122253
7150000,-107.929660828,-108.24030304
7200000,-107.868635132,-108.134765625
7250000,-107.836871262,-108.139350891
7300000,-107.810332916,-108.148551941
7350000,-107.778727249,-108.070213318
7400000,-107.773857254,-108.078315735
7450000,-107.708149307,-107.918525696
7500000,-107.668662689,-107.853378296
7550000,-107.653956055,-107.942703247
7600000,-107.603353439,-107.9116745
7650000,-107.598844543,-107.944946289
7700000,-107.521909424,-107.870239258
7750000,-107.534791412,-107.858703613
7800000,-107.479475815,-107.810890198
7850000,-107.462436127,-107.766075134
7900000,-107.431878937,-107.772109985
7950000,-107.398803619,-107.634597778
8000000,-107.387530655,-107.731384277
8050000,-107.372558685,-107.832077026
8100000,-107.333347534,-107.669197083
8150000,-107.28453093,-107.559440613
8200000,-107.246771957,-107.492324829
8250000,-107.24480896,-107.63230896
8300000,-107.166784958,-107.487121582
8350000,-107.099241699,-107.464546204
8400000,-107.136082214,-107.463600159
8450000,-107.115828125,-107.476646423
8500000,-107.037489517,-107.401222229
8550000,-107.021117187,-107.356925964
8600000,-106.990704987,-107.360298157
8650000,-107.01498436,-107.389785767
8700000,-106.974780014,-107.262672424
8750000,-106.945261627,-107.346374512
8800000,-106.890472504,-107.29132843
8850000,-106.863887802,-107.252128601
8900000,-106.832946762,-107.117362976
8950000,-106.828128281,-107.256248474
9000000,-106.779009186,-107.11492157
9050000,-106.784900909,-107.132591248
9100000,-106.771952805,-107.023277283
9150000,-106.743546738,-107.088722229
9200000,-106.687601715,-107.18347168
9250000,-106.633552536,-107.065177917
9300000,-106.670991257,-106.944648743
9350000,-106.623065857,-107.011962891
9400000,-106.589779877,-106.938873291
9450000,-106.609231094,-106.921409607
9500000,-106.553778442,-106.948822021
9550000,-106.495080109,-106.827125549
9600000,-106.526954056,-106.858551025
9650000,-106.480127762,-107.004051208
9700000,-106.448334854,-106.920974731
9750000,-106.431837753,-106.873649597
9800000,-106.416474579,-106.738128662
9850000,-106.369487198,-106.763076782
9900000,-106.371960632,-106.687553406
9950000,-106.35119812,-106.729499817
10000000,-106.340618942,-106.74105072
10050000,-106.288354691,-106.70111084
10100000,-106.265277313,-106.596549988
10150000,-106.241277512,-106.653915405
10200000,-106.234233765,-106.719673157
10250000,-106.182572327,-106.655410767
10300000,-106.206479492,-106.601097107
10350000,-106.167595413,-106.549301147
10400000,-106.145353073,-106.565574646
10450000,-106.101124756,-106.51966095
10500000,-106.115762268,-106.453025818
10550000,-106.062701752,-106.486549377
10600000,-106.059796265,-106.436149597
10650000,-106.03161618,-106.443626404
10700000,-106.006229019,-106.434783936
10750000,-106.032105789,-106.476501465
10800000,-105.991311462,-106.389274597
10850000,-105.952908432,-106.370452881
10900000,-105.946691238,-106.468734741
10950000,-105.933155045,-106.406349182
11000000,-105.917832275,-106.285896301
11050000,-105.868116241,-106.350021362
11100000,-105.858935623,-106.266860962
11150000,-105.849356613,-106.301574707
11200000,-105.833274307,-106.247573853
11250000,-105.807605103,-106.192077637
11300000,-105.767896942,-106.192848206
11350000,-105.76760968,-106.219177246
11400000,-105.750240891,-106.221427917
11450000,-105.793447906,-106.165351868
11500000,-105.734016983,-106.130111694
11550000,-105.702679489,-106.181549072
11600000,-105.721005035,-106.021896362
11650000,-105.678489212,-106.099784851
11700000,-105.678089905,-106.063972473
11750000,-105.595699158,-106.084709167
11800000,-105.609314194,-106.043991089
11850000,-105.626239304,-106.090484619
11900000,-105.591624878,-106.057975769
11950000,-105.551626663,-106.067802429
12000000,-105.5549935,-106.072563171
12050000,-105.533346481,-105.954246521
12100000,-105.500612625,-106.012672424
12150000,-105.529723755,-105.931625366
12200000,-105.492056046,-105.984352112
12250000,-105.465116852,-105.961212158
12300000,-105.476811707,-105.905273438
12350000,-105.410103027,-105.948074341
12400000,-105.381575287,-105.848701477
12450000,-105.37748465,-105.908210754
12500000,-105.362573074,-105.90422821
12550000,-105.395762726,-105.955635071
12600000,-105.324277039,-105.808296204
12650000,-105.34368457,-105.773773193
12700000,-105.295741409,-105.772148132
12750000,-105.310333405,-105.790802002
12800000,-105.280367783,-105.757301331
12850000,-105.273751526,-105.70287323
12900000,-105.262922363,-105.826583862
12950000,-105.248967834,-105.787002563
13000000,-105.203444855,-105.740753174
13050000,-105.186087021,-105.721000671
13100000,-105.205091797,-105.700897217
13150000,-105.227237671,-105.622047424
13200000,-105.177801025,-105.614372253
13250000,-105.152322159,-105.628578186
13300000,-105.155994705,-105.611221313
13350000,-105.093767151,-105.636077881
13400000,-105.111668488,-105.616897583
13450000,-105.085889603,-105.589797974
13500000,-105.098474167,-105.571327209
13550000,-105.030949478,-105.528312683
13600000,-105.069606689,-105.50769043
13650000,-105.031526947,-105.524650574
13700000,-105.00786055,-105.533721924
13750000,-105.016864594,-105.525047302
13800000,-104.979590759,-105.563972473
13850000,-104.996023209,-105.43522644
13900000,-104.968903244,-105.498374939
13950000,-104.973159286,-105.535011292
14000000,-104.953454056,-105.430213928
14050000,-104.904948364,-105.382873535
14100000,-104.926151016,-105.35597229
14150000,-104.910374588,-105.4164505
14200000,-104.897139023,-105.342376709
14250000,-104.871848404,-105.45716095
14300000,-104.894789551,-105.382324219
14350000,-104.839432785,-105.366622925
14400000,-104.857362152,-105.380851746
14450000,-104.816931427,-105.386627197
14500000,-104.825784821,-105.35030365
14550000,-104.779002914,-105.324752808
14600000,-104.806283691,-105.381622314
14650000,-104.829998444,-105.308509827
14700000,-104.797545044,-105.23235321
14750000,-104.756791443,-105.310997009
14800000,-104.738052628,-105.305038452
14850000,-104.728569794,-105.254447937
14900000,-104.715043381,-105.189689636
14950000,-104.697285446,-105.202362061
15000000,-104.708997086,-105.237487793
15050000,-104.669951782,-105.216171265
15100000,-104.656107178,-105.1980896
15150000,-104.655340607,-105.188827515
15200000,-104.61902626,-105.279602051
15250000,-104.628102432,-105.09980011
15300000,-104.591843643,-105.16204071
15350000,-104.590932709,-105.176185608
15400000,-104.599136703,-105.120048523
15450000,-104.592385315,-105.148902893
15500000,-104.573059128,-105.023963928
15550000,-104.58505423,-105.099899292
15600000,-104.559498703,-105.098152161
15650000,-104.519987305,-105.082473755
15700000,-104.542553024,-104.978302002
15750000,-104.510736145,-105.093727112
15800000,-104.531886993,-105.127449036
15850000,-104.504713196,-104.996353149
15900000,-104.458215149,-104.96837616
15950000,-104.496150421,-105.090675354
16000000,-104.435596512,-104.933448792
16050000,-104.457878998,-104.981246948
16100000,-104.408477631,-105.040939331
16150000,-104.442196518,-104.95652771
16200000,-104.408691055,-104.955215454
16250000,-104.424373123,-104.939872742
16300000,-104.389340027,-105.025726318
16350000,-104.38831308,-104.976715088
16400000,-104.369149628,-104.849990845
16450000,-104.336014893,-104.870178223
16500000,-104.390485657,-104.905723572
16550000,-104.323450256,-104.821662903
16600000,-104.301235092,-104.949897766
16650000,-104.325659164,-104.839637756
16700000,-104.284888687,-104.820411682
16750000,-104.268805176,-104.871177673
16800000,-104.29856395,-104.828338623
16850000,-104.273246246,-104.808746338
16900000,-104.259276581,-104.810935974
16950000,-104.277048965,-104.864372253
17000000,-104.233513077,-104.82371521
17050000,-104.214313644,-104.832328796
17100000,-104.216413315,-104.792755127
17150000,-104.223103348,-104.733734131
17200000,-104.20798172,-104.748748779
17250000,-104.165574921,-104.785331726
17300000,-104.205812531,-104.786834717
17350000,-104.188908951,-104.708938599
17400000,-104.153899033,-104.722061157
17450000,-104.147870255,-104.699981689
17500000,-104.169379288,-104.669883728
17550000,-104.123423828,-104.70941925
17600000,-104.11370697,-104.652137756
17650000,-104.104928757,-104.711669922
17700000,-104.120365158,-104.648872375
17750000,-104.092500458,-104.708747864
17800000,-104.099917374,-104.687683105
17850000,-104.067265869,-104.681739807
17900000,-104.054990601,-104.738288879
17950000,-104.046207199,-104.660377502
18000000,-104.034986481,-104.629264832
18050000,-104.07463295,-104.610137939
18100000,-104.049524307,-104.618675232
18150000,-104.01908342,-104.60900116
18200000,-104.009640106,-104.612701416
18250000,-103.993219376,-104.584411621
18300000,-103.981829254,-104.640846252
18350000,-103.968512207,-104.484283447
18400000,-103.946659561,-104.594726562
18450000,-103.96141983,-104.49899292
18500000,-103.928768631,-104.60987854
18550000,-103.930952072,-104.573959351
18600000,-103.928655258,-104.584465027
18650000,-103.945467346,-104.515281677
18700000,-103.945566299,-104.535591125
18750000,-103.915136185,-104.554962158
18800000,-103.89168045,-104.509284973
18850000,-103.893568222,-104.527709961
18900000,-103.874513428,-104.571327209
18950000,-103.894183228,-104.532653809
19000000,-103.863593079,-104.463020325
19050000,-103.858890274,-104.501152039
19100000,-103.845503418,-104.394676208
19150000,-103.845997894,-104.376541138
19200000,-103.85752388,-104.374511719
19250000,-103.828521988,-104.512321472
19300000,-103.811029327,-104.505050659
19350000,-103.801581192,-104.448387146
19400000,-103.810624283,-104.41381073
19450000,-103.77063179,-104.352798462
19500000,-103.755865234,-104.444038391
19550000,-103.752476196,-104.400871277
19600000,-103.777130585,-104.43296051
19650000,-103.778478897,-104.298583984
19700000,-103.755229935,-104.410095215
19750000,-103.748241882,-104.269714355
19800000,-103.719162079,-104.411552429
19850000,-103.707590591,-104.34828949
19900000,-103.704215073,-104.406578064
19950000,-103.68538974,-104.315452576
20000000,-103.681555923,-104.359939575
20050000,-103.701301376,-104.307235718
20100000,-103.64254068,-104.342910767
20150000,-103.661916931,-104.292388916
20200000,-103.67901355,-104.347175598
20250000,-103.669222534,-104.286552429
20300000,-103.64450322,-104.269378662
20350000,-103.648591629,-104.256095886
20400000,-103.597959167,-104.245376587
20450000,-103.655778656,-104.202209473
20500000,-103.609007492,-104.224990845
20550000,-103.620831863,-104.26701355
20600000,-103.58069072,-104.259864807
20650000,-103.55306427,-104.32661438
20700000,-103.584966599,-104.2342453
20750000,-103.55117569,-104.24861145
20800000,-103.554007584,-104.214065552
20850000,-103.586751785,-104.213424683
20900000,-103.544482086,-104.219772339
20950000,-103.523784912,-104.143035889
21000000,-103.505940308,-104.131103516
21050000,-103.527270157,-104.101028442
21100000,-103.519673462,-104.095115662
21150000,-103.548088074,-104.20488739
21200000,-103.525365875,-104.199188232
21250000,-103.517269363,-104.201225281
21300000,-103.460676682,-104.176223755
21350000,-103.476536438,-104.138343811
21400000,-103.443105301,-104.201965332
21450000,-103.473006271,-104.023643494
21500000,-103.50152121,-104.141601562
21550000,-103.456735352,-104.125984192
21600000,-103.434571472,-104.08065033
21650000,-103.414956223,-104.101295471
21700000,-103.434298599,-104.139503479
21750000,-103.437125412,-104.110427856
21800000,-103.42738327,-104.166870117
21850000,-103.403873047,-104.04410553
21900000,-103.417410873,-104.028610229
21950000,-103.376211975,-104.049453735
22000000,-103.399874924,-104.033851624
22050000,-103.3977883,-104.055900574
22100000,-103.378961639,-104.023277283
22150000,-103.390112762,-104.027412415
22200000,-103.383488541,-104.097503662
22250000,-103.339274185,-103.990737915
22300000,-103.343471375,-104.001373291
22350000,-103.346862305,-104.044136047
22400000,-103.322172073,-103.983062744
22450000,-103.333970062,-103.955352783
22500000,-103.309188599,-103.907295227
22550000,-103.319123444,-103.989738464
22600000,-103.294816055,-104.028274536
22650000,-103.283945755,-104.029151917
22700000,-103.299163437,-103.92477417
22750000,-103.285118576,-103.918334961
22800000,-103.280932144,-103.929161072
22850000,-103.229272125,-103.983520508
22900000,-103.272112808,-103.878799438
22950000,-103.27985144,-103.96913147
23000000,-103.244606461,-103.927558899
23050000,-103.230665909,-103.976989746
23100000,-103.242674698,-103.883590698
23150000,-103.251887955,-103.879600525
23200000,-103.183141403,-103.829315186
23250000,-103.240301941,-103.972686768
23300000,-103.190441513,-103.932891846
23350000,-103.196271057,-103.812156677
23400000,-103.212367966,-103.876983643
23450000,-103.195730988,-103.929321289
23500000,-103.207999939,-103.839164734
23550000,-103.172797318,-103.846801758
23600000,-103.147783066,-103.863227844
23650000,-103.17240979,-103.833335876
23700000,-103.133296753,-103.84349823
23750000,-103.156341415,-103.891136169
23800000,-103.167683945,-103.898269653
23850000,-103.16884697,-103.800628662
23900000,-103.163643753,-103.869270325
23950000,-103.123670441,-103.862419128
24000000,-103.121590958,-103.785392761
24050000,-103.101969345,-103.859863281
24100000,-103.08713681,-103.772727966
24150000,-103.051458176,-103.791130066
24200000,-103.066914352,-103.734809875
24250000,-103.067975754,-103.744895935
24300000,-103.052075272,-103.839019775
24350000,-103.066126495,-103.810699463
24400000,-103.091306641,-103.776733398
24450000,-103.043500015,-103.792015076
24500000,-103.027175339,-103.645050049
24550000,-103.072368668,-103.736289978
24600000,-103.051144272,-103.813415527
24650000,-103.028858749,-103.760620117
24700000,-103.035787949,-103.720672607
24750000,-103.038845993,-103.724723816
24800000,-103.042799683,-103.635314941
24850000,-103.022527695,-103.769500732
24900000,-102.993015472,-103.728240967
24950000,-102.995874527,-103.740524292
25000000,-102.986703949,-103.70110321
25050000,-102.995063202,-103.698501587
25100000,-102.996633301,-103.691078186
25150000,-102.958812973,-103.660697937
25200000,-102.97997084,-103.621917725
25250000,-102.947369675,-103.739189148
25300000,-102.954590042,-103.698097229
25350000,-102.965435638,-103.683013916
25400000,-102.932113312,-103.739097595
25450000,-102.902178665,-103.695503235
25500000,-102.906859955,-103.636428833
25550000,-102.937126724,-103.606086731
25600000,-102.91534433,-103.59753418
25650000,-102.941660675,-103.569099426
25700000,-102.91249321,-103.693084717
25750000,-102.917897308,-103.605903625
25800000,-102.90106955,-103.614402771
25850000,-102.882771194,-103.588798523
25900000,-102.884757568,-103.660522461
25950000,-102.881052429,-103.601776123
26000000,-102.862435822,-103.568908691
26050000,-102.873255524,-103.561691284
26100000,-102.863834839,-103.551902771
26150000,-102.889097794,-103.55380249
26200000,-102.842056519,-103.577217102
26250000,-102.867131393,-103.588272095
26300000,-102.833350204,-103.552749634
26350000,-102.858520187,-103.604263306
26400000,-102.819314957,-103.615058899
26450000,-102.845921158,-103.54524231
26500000,-102.828396408,-103.578346252
26550000,-102.835468628,-103.510993958
26600000,-102.83100499,-103.571563721
26650000,-102.7906996,-103.514350891
26700000,-102.796529221,-103.518127441
26750000,-102.792501572,-103.50012207
26800000,-102.764274628,-103.519515991
26850000,-102.73723381,-103.486412048
26900000,-102.799376816,-103.496322632
26950000,-102.760398209,-103.433799744
27000000,-102.744849396,-103.405723572
27050000,-102.773936646,-103.493171692
27100000,-102.772223663,-103.554641724
27150000,-102.741235367,-103.483459473
27200000,-102.75877681,-103.499656677
27250000,-102.766370773,-103.408065796
27300000,-102.737461594,-103.492362976
27350000,-102.754639465,-103.441772461
27400000,-102.689098831,-103.457351685
27450000,-102.7089561,-103.479049683
27500000,-102.742563477,-103.418815613
27550000,-102.749713348,-103.480674744
27600000,-102.706908371,-103.48639679
27650000,-102.729364319,-103.505645752
27700000,-102.665124771,-103.419029236
27750000,-102.687001633,-103.456787109
27800000,-102.693299576,-103.421791077
27850000,-102.677621399,-103.464935303
27900000,-102.669539658,-103.424972534
27950000,-102.646453171,-103.468078613
28000000,-102.662656845,-103.360153198
28050000,-102.634068436,-103.358398438
28100000,-102.673391251,-103.39881134
28150000,-102.661947815,-103.403388977
28200000,-102.643387283,-103.388793945
28250000,-102.65047139,-103.39377594
28300000,-102.654832748,-103.418357849
28350000,-102.671675369,-103.387153625
28400000,-102.614055389,-103.361328125
28450000,-102.606779022,-103.290802002
28500000,-102.624651062,-103.318649292
28550000,-102.592734619,-103.304885864
28600000,-102.597880371,-103.386749268
28650000,-102.636792221,-103.384849548
28700000,-102.602287415,-103.362159729
28750000,-102.592731842,-103.274353027
28800000,-102.598997101,-103.263237
28850000,-102.567981461,-103.316589355
28900000,-102.595750122,-103.381851196
28950000,-102.553616302,-103.254951477
29000000,-102.56341864,-103.263557434
29050000,-102.550401047,-103.26750946
29100000,-102.544779205,-103.312767029
29150000,-102.547370712,-103.360733032
29200000,-102.56010733,-103.399124146
29250000,-102.528815704,-103.296607971
29300000,-102.539614227,-103.278747559
29350000,-102.524657333,-103.256103516
29400000,-102.529901794,-103.321586609
29450000,-102.534340363,-103.27911377
29500000,-102.521456238,-103.306053162
29550000,-102.548506729,-103.289733887
29600000,-102.507126816,-103.316009521
29650000,-102.503999146,-103.236953735
29700000,-102.508716049,-103.279823303
29750000,-102.503250793,-103.21559906
29800000,-102.484406082,-103.264144897
29850000,-102.481766495,-103.260795593
29900000,-102.474168213,-103.288803101
29950000,-102.483905197,-103.158332825
30000000,-102.487527451,-103.243865967
30050000,-102.423073059,-103.228240967
30100000,-102.483227539,-103.241752625
30150000,-102.452067734,-103.21207428
30200000,-102.499052689,-103.249259949
30250000,-102.479637924,-103.168991089
30300000,-102.410479874,-103.190078735
30350000,-102.438317001,-103.273574829
30400000,-102.43896904,-103.124534607
30450000,-102.47105365,-103.197227478
30500000,-102.427885345,-103.158309937
30550000,-102.418267563,-103.226341248
30600000,-102.417664703,-103.188735962
30650000,-102.402425201,-103.18624115
30700000,-102.391669556,-103.208984375
30750000,-102.449159103,-103.103813171
30800000,-102.405985352,-103.083122253
30850000,-102.41317041,-103.211364746
30900000,-102.40386618,-103.161895752
30950000,-102.379029404,-103.136428833
31000000,-102.367745056,-103.142250061
31050000,-102.405649689,-103.145111084
31100000,-102.385847382,-103.225372314
31150000,-102.348541321,-103.123374939
31200000,-102.331035629,-103.202125549
31250000,-102.348935181,-103.075584412
31300000,-102.350973053,-103.182899475
31350000,-102.353567871,-103.129859924
31400000,-102.355857239,-103.069122314
31450000,-102.342904251,-103.162734985
31500000,-102.349915405,-103.205963135
31550000,-102.340937469,-103.107139587
31600000,-102.315692154,-103.07762146
31650000,-102.349302872,-103.16456604
31700000,-102.330541977,-103.118652344
31750000,-102.294123413,-103.119186401
31800000,-102.347913483,-103.115722656
31850000,-102.30444313,-103.110374451
31900000,-102.341574432,-103.12297821
31950000,-102.307352859,-103.161628723
32000000,-102.325890335,-103.073165894
32050000,-102.302106766,-103.084335327
32100000,-102.316121948,-103.112075806
32150000,-102.30482283,-103.071533203
32200000,-102.303323227,-103.117347717
32250000,-102.270815598,-103.07775116
32300000,-102.256342896,-103.003074646
32350000,-102.294670029,-103.078224182
32400000,-102.241175247,-102.987831116
32450000,-102.240408173,-103.124305725
32500000,-102.249503052,-103.11050415
32550000,-102.24889537,-103.013397217
32600000,-102.252895477,-103.025527954
32650000,-102.24938382,-103.111999512
32700000,-102.264335098,-102.967941284
32750000,-102.233967255,-103.031715393
32800000,-102.211228043,-103.032783508
32850000,-102.258160233,-103.058738708
32900000,-102.221198914,-103.039833069
32950000,-102.223392883,-103.034973145
33000000,-102.229388412,-103.071998596
33050000,-102.222267624,-103.014816284
33100000,-102.24642836,-102.97039032
33150000,-102.19493576,-103.010826111
33200000,-102.235703506,-103.048843384
33250000,-102.212858414,-103.044021606
33300000,-102.170677155,-103.055900574
33350000,-102.220059402,-102.984931946
33400000,-102.188505295,-102.966346741
33450000,-102.187146683,-103.028457642
33500000,-102.176250168,-102.954338074
33550000,-102.135813461,-102.957481384
33600000,-102.165178207,-102.985847473
33650000,-102.171207352,-102.939865112
33700000,-102.182354385,-102.953575134
33750000,-102.171318436,-102.940872192
33800000,-102.184841095,-103.021430969
33850000,-102.143806091,-102.954185486
33900000,-102.162452026,-102.940673828
33950000,-102.125969666,-102.947540283
34000000,-102.137544388,-103.000167847
34050000,-102.13434343,-102.969268799
34100000,-102.14496109,-103.032234192
34150000,-102.17316777,-102.879631042
34200000,-102.140918854,-102.981834412
34250000,-102.131102692,-102.930152893
34300000,-102.114255569,-102.902877808
34350000,-102.111439911,-102.958847046
34400000,-102.10337709,-102.96736145
34450000,-102.111379745,-102.878616333
34500000,-102.113396912,-102.922515869
34550000,-102.112172379,-102.87928772
34600000,-102.107031891,-102.85483551
34650000,-102.055128799,-102.839286804
34700000,-102.104744125,-102.852478027
34750000,-102.110771088,-102.913696289
34800000,-102.071591721,-102.902450562
34850000,-102.111066269,-102.852508545
34900000,-102.121400146,-102.954750061
34950000,-102.084972961,-102.927932739
35000000,-102.046221191,-102.945205688
35050000,-102.054417114,-102.83392334
35100000,-102.090507828,-102.84602356
35150000,-102.042076782,-102.921684265
35200000,-102.083705734,-102.891212463
35250000,-102.039301392,-102.800933838
35300000,-102.055181122,-102.864891052
35350000,-102.03044371,-102.994384766
35400000,-102.028041504,-102.873565674
35450000,-102.025036896,-102.825912476
35500000,-102.063759674,-102.759971619
35550000,-102.025009674,-102.84047699
35600000,-101.996659973,-102.830474854
35650000,-102.029260651,-102.829086304
35700000,-102.035900513,-102.806564331
35750000,-102.034431702,-102.860198975
35800000,-101.994449142,-102.794441223
35850000,-101.975981979,-102.792808533
35900000,-101.975874237,-102.827796936
35950000,-102.029346359,-102.844551086
36000000,-102.004509628,-102.767936707
36050000,-102.017563614,-102.808525085
36100000,-101.981947983,-102.798454285
36150000,-101.9743461,-102.806228638
36200000,-101.990326859,-102.785179138
36250000,-102.007347916,-102.817474365
36300000,-101.998112518,-102.836280823
36350000,-101.976764236,-102.868148804
36400000,-101.973171082,-102.78842926
36450000,-101.986317596,-102.720977783
36500000,-101.948088989,-102.778816223
36550000,-101.931784714,-102.741203308
36600000,-101.995472656,-102.848823547
36650000,-101.916186951,-102.7213974
36700000,-101.973784775,-102.806053162
36750000,-101.95049324,-102.774963379
36800000,-101.933088882,-102.827163696
36850000,-101.941619049,-102.815383911
36900000,-101.950945267,-102.698776245
36950000,-101.944597275,-102.724159241
37000000,-101.923930008,-102.753501892
37050000,-101.912533752,-102.761535645
37100000,-101.913523193,-102.743164062
37150000,-101.91024968,-102.683807373
37200000,-101.886805573,-102.768348694
37250000,-101.886302002,-102.775009155
37300000,-101.905093521,-102.693489075
37350000,-101.891702957,-102.684883118
37400000,-101.937433655,-102.727264404
37450000,-101.9068367,-102.741065979
37500000,-101.887853485,-102.687713623
37550000,-101.911876602,-102.744888306
37600000,-101.880274338,-102.709632874
37650000,-101.837304291,-102.673019409
37700000,-101.865067902,-102.697509766
37750000,-101.878686172,-102.79434967
37800000,-101.843841095,-102.695770264
37850000,-101.872371475,-102.686790466
37900000,-101.867970871,-102.738288879
37950000,-101.855482544,-102.687438965
38000000,-101.872041351,-102.739753723
38050000,-101.865854309,-102.743438721
38100000,-101.876830338,-102.711631775
38150000,-101.887151093,-102.674621582
38200000,-101.886431854,-102.804222107
38250000,-101.864735901,-102.684684753
38300000,-101.841429321,-102.721290588
38350000,-101.832292084,-102.696388245
38400000,-101.83957019,-102.727272034
38450000,-101.833213715,-102.729896545
38500000,-101.854951248,-102.672729492
38550000,-101.812667938,-102.706886292
38600000,-101.84069873,-102.753097534
38650000,-101.836201736,-102.644592285
38700000,-101.840312683,-102.623100281
38750000,-101.848044403,-102.649642944
38800000,-101.822513748,-102.581573486
38850000,-101.83573143,-102.625640869
38900000,-101.812647354,-102.732048035
38950000,-101.803830475,-102.707687378
39000000,-101.809840652,-102.609313965
39050000,-101.758811905,-102.664237976
39100000,-101.786350174,-102.701446533
39150000,-101.763929352,-102.628181458
39200000,-101.797086456,-102.707702637
39250000,-101.764381134,-102.682846069
39300000,-101.818662582,-102.647697449
39350000,-101.761300125,-102.561477661
39400000,-101.797139679,-102.735671997
39450000,-101.759997543,-102.622283936
39500000,-101.775299316,-102.626777649
39550000,-101.772296295,-102.594284058
39600000,-101.795957077,-102.578659058
39650000,-101.787054672,-102.661186218
39700000,-101.800372589,-102.607826233
39750000,-101.737374603,-102.635910034
39800000,-101.746177841,-102.565612793
39850000,-101.7615224,-102.64440155
39900000,-101.752743225,-102.534896851
39950000,-101.790781174,-102.665466309
40000000,-101.759542252,-102.577125549
40050000,-101.723060715,-102.582183838
40100000,-101.688640793,-102.660514832
40150000,-101.681692307,-102.611839294
40200000,-101.73040683,-102.624275208
40250000,-101.726767197,-102.523147583
40300000,-101.730395645,-102.6067276
40350000,-101.718215973,-102.58278656
40400000,-101.729360245,-102.512687683
40450000,-101.735265884,-102.6224823
40500000,-101.707096466,-102.557250977
40550000,-101.727615753,-102.596786499
40600000,-101.721320084,-102.553909302
40650000,-101.714844666,-102.528694153
40700000,-101.665468231,-102.594337463
40750000,-101.716231003,-102.605384827
40800000,-101.716242722,-102.496650696
40850000,-101.688681183,-102.63848877
40900000,-101.714508881,-102.534355164
40950000,-101.652390533,-102.578834534
41000000,-101.684338196,-102.544784546
41050000,-101.674142029,-102.546844482
41100000,-101.686499664,-102.493164062
41150000,-101.663167343,-102.467750549
41200000,-101.652957306,-102.503509521
41250000,-101.677152618,-102.537590027
41300000,-101.652846756,-102.617477417
41350000,-101.620747116,-102.566146851
41400000,-101.672967682,-102.557731628
41450000,-101.655930023,-102.407089233
41500000,-101.654932388,-102.548927307
41550000,-101.633377487,-102.457801819
41600000,-101.644524734,-102.538841248
41650000,-101.650796005,-102.528862
41700000,-101.645720856,-102.498428345
41750000,-101.650737793,-102.482078552
41800000,-101.62772403,-102.500823975
41850000,-101.622686615,-102.435203552
41900000,-101.652159332,-102.416748047
41950000,-101.652666672,-102.537277222
42000000,-101.624191605,-102.433677673
42050000,-101.609786133,-102.484275818
42100000,-101.623851257,-102.572761536
42150000,-101.628428146,-102.544998169
42200000,-101.623922943,-102.420173645
42250000,-101.574953613,-102.455299377
42300000,-101.60939093,-102.487609863
42350000,-101.608256042,-102.599006653
42400000,-101.601283585,-102.439125061
42450000,-101.599632782,-102.413490295
42500000,-101.598935226,-102.441902161
42550000,-101.565230118,-102.518791199
42600000,-101.619948364,-102.602012634
42650000,-101.559200943,-102.483665466
42700000,-101.610384857,-102.426422119
42750000,-101.576198929,-102.472122192
42800000,-101.572386429,-102.481277466
42850000,-101.565557358,-102.444351196
42900000,-101.612269653,-102.423698425
42950000,-101.58120195,-102.444000244
43000000,-101.587500061,-102.402084351
43050000,-101.563173126,-102.437713623
43100000,-101.580687119,-102.417350769
43150000,-101.584963882,-102.481658936
43200000,-101.543254333,-102.460746765
43250000,-101.555441147,-102.418952942
43300000,-101.550499451,-102.430465698
43350000,-101.554379227,-102.483901978
43400000,-101.536339432,-102.443359375
43450000,-101.528958649,-102.364387512
43500000,-101.526283051,-102.491783142
43550000,-101.549109451,-102.451278687
43600000,-101.540424118,-102.440185547
43650000,-101.515383835,-102.419441223
43700000,-101.540451004,-102.43964386
43750000,-101.521501968,-102.384803772
43800000,-101.523237717,-102.505661011
43850000,-101.517599762,-102.4012146
43900000,-101.517160522,-102.3932724
43950000,-101.490778992,-102.419410706
44000000,-101.496283203,-102.476242065
44050000,-101.477739502,-102.405937195
44100000,-101.510288071,-102.324386597
44150000,-101.500864044,-102.456016541
44200000,-101.549056763,-102.390205383
44250000,-101.509657623,-102.417381287
44300000,-101.536483109,-102.372550964
44350000,-101.481235657,-102.39894104
44400000,-101.517709564,-102.446777344
44450000,-101.480969131,-102.438484192
44500000,-101.477190536,-102.405036926
44550000,-101.464162735,-102.42375946
44600000,-101.53072023,-102.325592041
44650000,-101.506650314,-102.362167358
44700000,-101.481752777,-102.415252686
44750000,-101.471617142,-102.365028381
44800000,-101.478958069,-102.392097473
44850000,-101.493777939,-102.353912354
44900000,-101.474948776,-102.298789978
44950000,-101.46742836,-102.35925293
45000000,-101.447646011,-102.309562683
45050000,-101.437598038,-102.401679993
45100000,-101.458918076,-102.377487183
45150000,-101.484877792,-102.317337036
45200000,-101.456344193,-102.390335083
45250000,-101.464456619,-102.338394165
45300000,-101.467393448,-102.337593079
45350000,-101.46784256,-102.469940186
45400000,-101.441635239,-102.321136475
45450000,-101.441034454,-102.272270203
45500000,-101.42742807,-102.381309509
45550000,-101.439708969,-102.292922974
45600000,-101.479940445,-102.310127258
45650000,-101.416287796,-102.34627533
45700000,-101.399854126,-102.280502319
45750000,-101.400279144,-102.444519043
45800000,-101.415108566,-102.367492676
45850000,-101.389812897,-102.288421631
45900000,-101.403539597,-102.353302002
45950000,-101.398859329,-102.316040039
46000000,-101.443181412,-102.29940033
46050000,-101.416153625,-102.322975159
46100000,-101.435199081,-102.243934631
46150000,-101.41867569,-102.290908813
46200000,-101.362323563,-102.306335449
46250000,-101.397211594,-102.200317383
46300000,-101.396736435,-102.257911682
46350000,-101.388855484,-102.270011902
46400000,-101.404363632,-102.284507751
46450000,-101.346491837,-102.254096985
46500000,-101.405739609,-102.23550415
46550000,-101.37069696,-102.346977234
46600000,-101.381989914,-102.295822144
46650000,-101.357543182,-102.269844055
46700000,-101.394587494,-102.357452393
46750000,-101.355676346,-102.232475281
46800000,-101.357709839,-102.314857483
46850000,-101.386395645,-102.325874329
46900000,-101.366471527,-102.289253235
46950000,-101.379051514,-102.382843018
47000000,-101.356894089,-102.232139587
47050000,-101.352535492,-102.281738281
47100000,-101.327096634,-102.262763977
47150000,-101.377285294,-102.309425354
47200000,-101.32612294,-102.307220459
47250000,-101.350514984,-102.257965088
47300000,-101.346879288,-102.265937805
47350000,-101.346484802,-102.276222229
47400000,-101.346237915,-102.333686829
47450000,-101.341320633,-102.245201111
47500000,-101.341956345,-102.187400818
47550000,-101.354887894,-102.15221405
47600000,-101.363835175,-102.26750946
47650000,-101.349723404,-102.280822754
47700000,-101.336689468,-102.227775574
47750000,-101.359393143,-102.234085083
47800000,-101.323815231,-102.268638611
47850000,-101.320208771,-102.194213867
47900000,-101.340906494,-102.242553711
47950000,-101.341785355,-102.24243927
48000000,-101.315626144,-102.216278076
48050000,-101.303878494,-102.224433899
48100000,-101.331014328,-102.236328125
48150000,-101.319059921,-102.189048767
48200000,-101.298245514,-102.215240479
48250000,-101.290490128,-102.250709534
48300000,-101.316247513,-102.236976624
48350000,-101.311940674,-102.266647339
48400000,-101.322346802,-102.239189148
48450000,-101.303282867,-102.216697693
48500000,-101.286398331,-102.260124207
48550000,-101.299184448,-102.221878052
48600000,-101.266918015,-102.134216309
48650000,-101.283260361,-102.226737976
48700000,-101.288867844,-102.225662231
48750000,-101.276311813,-102.27835083
48800000,-101.255071274,-102.240791321
48850000,-101.272557373,-102.183296204
48900000,-101.267093277,-102.196563721
48950000,-101.242894165,-102.136940002
49000000,-101.259737091,-102.207710266
49050000,-101.270350998,-102.207466125
49100000,-101.276220413,-102.259254456
49150000,-101.274490891,-102.234893799
49200000,-101.265991791,-102.187339783
49250000,-101.232904495,-102.190925598
49300000,-101.269013611,-102.185127258
49350000,-101.238445923,-102.161857605
49400000,-101.224279282,-102.265953064
49450000,-101.226100861,-102.265464783
49500000,-101.272910385,-102.154884338
49550000,-101.258973175,-102.159736633
49600000,-101.254292908,-102.265792847
49650000,-101.23325647,-102.103172302
49700000,-101.238730881,-102.229110718
49750000,-101.230716156,-102.216537476
49800000,-101.244479736,-102.11656189
49850000,-101.229103302,-102.103271484
49900000,-101.249411728,-102.122695923
49950000,-101.249542542,-102.244865417
50000000,-101.229860931,-102.171638489
50050000,-101.19858371,-102.167259216
50100000,-101.239480759,-102.122711182
50150000,-101.219644623,-102.214813232
50200000,-101.227837814,-102.162902832
50250000,-101.16951857,-102.214675903
50300000,-101.226612671,-102.130233765
50350000,-101.223344604,-102.175178528
50400000,-101.203670303,-102.12071228
50450000,-101.225240372,-102.124343872
50500000,-101.194307541,-102.157424927
50550000,-101.163214539,-102.119911194
50600000,-101.192267029,-102.104415894
50650000,-101.201477432,-102.120658875
50700000,-101.207789871,-102.207550049
50750000,-101.218863556,-102.127815247
50800000,-101.188527817,-102.146324158
50850000,-101.174915298,-102.067611694
50900000,-101.191131134,-102.169654846
50950000,-101.167500076,-102.120002747
51000000,-101.181907181,-102.122337341
51050000,-101.174008652,-102.09513092
51100000,-101.188429489,-102.234649658
51150000,-101.157613586,-102.105224609
51200000,-101.163554291,-102.184684753
51250000,-101.172470001,-102.12286377
51300000,-101.189574829,-102.099525452
51350000,-101.155056656,-102.125747681
51400000,-101.161180389,-102.11958313
51450000,-101.132226364,-102.224487305
51500000,-101.163545395,-102.134162903
51550000,-101.164865494,-102.091316223
51600000,-101.116321106,-102.117980957
51650000,-101.165693176,-102.102714539
51700000,-101.164700974,-102.062721252
51750000,-101.146681366,-102.105049133
51800000,-101.179373291,-102.103538513
51850000,-101.14350499,-102.036300659
51900000,-101.1544366,-102.137275696
51950000,-101.116575378,-102.057136536
52000000,-101.151857956,-102.052497864
52050000,-101.121845245,-102.088302612
52100000,-101.126954895,-102.155700684
52150000,-101.141026443,-102.167137146
52200000,-101.151403488,-102.069473267
52250000,-101.127324371,-102.102653503
52300000,-101.157238174,-102.08934021
52350000,-101.093801178,-102.085586548
52400000,-101.144915283,-102.111618042
52450000,-101.167431259,-102.046615601
52500000,-101.161205338,-102.085090637
52550000,-101.111487671,-102.144599915
52600000,-101.14385228,-102.09287262
52650000,-101.159580078,-102.052360535
52700000,-101.12710936,-102.016395569
52750000,-101.112868469,-102.136734009
52800000,-101.090147675,-102.043693542
52850000,-101.114958527,-102.159660339
52900000,-101.148988815,-102.112884521
52950000,-101.106980301,-102.011306763
53000000,-101.085434479,-102.003936768
53050000,-101.100240311,-102.037338257
53100000,-101.093872147,-102.071586609
53150000,-101.108529633,-101.9949646
53200000,-101.115282379,-102.049713135
53250000,-101.089839615,-102.090538025
53300000,-101.102694672,-102.034103394
53350000,-101.098670212,-102.00125885
53400000,-101.087924255,-102.012321472
53450000,-101.089345367,-102.051551819
53500000,-101.052630966,-101.975616455
53550000,-101.085730682,-102.000549316
53600000,-101.054659897,-102.03616333
53650000,-101.087180481,-102.0102005
53700000,-101.094566055,-102.027740479
53750000,-101.061860565,-102.080375671
53800000,-101.031187057,-102.049163818
53850000,-101.057790131,-102.0390625
53900000,-101.028294342,-101.977424622
53950000,-101.061672607,-102.02784729
54000000,-101.078425247,-102.058486938
54050000,-101.049331696,-101.936698914
54100000,-101.051634872,-102.055717468
54150000,-101.099979446,-102.062034607
54200000,-101.054893417,-101.975021362
54250000,-101.071137543,-102.080558777
54300000,-101.070330795,-102.000236511
54350000,-101.060445999,-102.048698425
54400000,-101.054596176,-102.007034302
54450000,-101.055463257,-101.969184875
54500000,-101.028800919,-101.929428101
54550000,-101.025383591,-102.071640015
54600000,-101.022544403,-102.010948181
54650000,-101.060949097,-102.112373352
54700000,-101.040850296,-102.049224854
54750000,-101.018859055,-101.999252319
54800000,-101.032891205,-102.050559998
54850000,-101.064742615,-102.049720764
54900000,-101.033895782,-101.950149536
54950000,-101.052455032,-101.946609497
55000000,-101.04723584,-102.075378418
55050000,-100.997809921,-101.983802795
55100000,-100.993674957,-101.99092865
55150000,-101.040437042,-101.954750061
55200000,-101.023718018,-101.99823761
55250000,-100.994512085,-101.934280396
55300000,-101.014054138,-102.003181458
55350000,-100.983130402,-101.981788635
55400000,-101.012046936,-101.945320129
55450000,-101.015787811,-102.028190613
55500000,-101.02843959,-102.002838135
55550000,-101.024973877,-101.965812683
55600000,-101.013401871,-101.971168518
55650000,-100.988639618,-101.964263916
55700000,-100.995688934,-101.963775635
55750000,-101.030655594,-101.955108643
55800000,-100.980324799,-101.955833435
55850000,-100.965430878,-101.980796814
55900000,-100.978018082,-101.94909668
55950000,-100.986703079,-101.968772888
56000000,-100.970776779,-101.949119568
56050000,-101.005070053,-101.910873413
56100000,-100.984243896,-101.887588501
56150000,-100.93429541,-101.948532104
56200000,-100.951128281,-101.944847107
56250000,-100.954276901,-101.995269775
56300000,-100.996106308,-101.940803528
56350000,-100.96258873,-101.979927063
56400000,-100.98752887,-101.892967224
56450000,-100.969296265,-101.9479599
56500000,-100.948005417,-101.99949646
56550000,-100.950992844,-101.938751221
56600000,-100.974740082,-101.942085266
56650000,-100.955932587,-102.02117157
56700000,-100.956998474,-101.971603394
56750000,-100.943104721,-101.88079834
56800000,-100.980485443,-101.92766571
56850000,-100.951316818,-101.888023376
56900000,-100.969675125,-101.894424438
56950000,-100.954743301,-101.947471619
57000000,-100.966795654,-101.954177856
57050000,-100.963686508,-101.927780151
57100000,-100.946680695,-101.920127869
57150000,-100.923118591,-101.939437866
57200000,-100.969582916,-101.874641418
57250000,-100.956480682,-101.853187561
57300000,-100.993851395,-101.821411133
57350000,-100.938201935,-101.890426636
57400000,-100.943449249,-101.919593811
57450000,-100.943435364,-101.935646057
57500000,-100.935346359,-101.932159424
57550000,-100.909111816,-101.85559845
57600000,-100.948197083,-101.918968201
57650000,-100.945076324,-101.904449463
57700000,-100.90812796,-101.91519165
57750000,-100.941449448,-101.903762817
57800000,-100.931350906,-101.94304657
57850000,-100.908974136,-101.913734436
57900000,-100.88654921,-101.9061203
57950000,-100.933371063,-101.897422791
58000000,-100.89970137,-101.886924744
58050000,-100.92281073,-101.859077454
58100000,-100.910880997,-101.977096558
58150000,-100.932229843,-101.814048767
58200000,-100.901946106,-101.890449524
58250000,-100.918704071,-101.914627075
58300000,-100.920894882,-101.869537354
58350000,-100.92229129,-101.91746521
58400000,-100.91352092,-101.875076294
58450000,-100.866331665,-101.903503418
58500000,-100.940784225,-101.889320374
58550000,-100.900623535,-101.883056641
58600000,-100.929532104,-101.832466125
58650000,-100.907815125,-101.825248718
58700000,-100.914098953,-101.893074036
58750000,-100.903564346,-101.853813171
58800000,-100.889392456,-101.952148438
58850000,-100.936449768,-101.872810364
58900000,-100.908334091,-101.880638123
58950000,-100.89222551,-101.893135071
59000000,-100.910413574,-101.930709839
59050000,-100.875292755,-101.778373718
59100000,-100.916375549,-101.892166138
59150000,-100.849703171,-101.841133118
59200000,-100.865714447,-101.838157654
59250000,-100.888750549,-101.84563446
59300000,-100.866632538,-101.936607361
59350000,-100.863599335,-101.801177979
59400000,-100.838334488,-101.883766174
59450000,-100.85678688,-101.872947693
59500000,-100.864955963,-101.864936829
59550000,-100.885878189,-101.875907898
59600000,-100.848700836,-101.830284119
59650000,-100.844798004,-101.862487793
59700000,-100.863390015,-102.016609192
59750000,-100.863954163,-101.87727356
59800000,-100.851509796,-101.807273865
59850000,-100.826783112,-101.836372375
59900000,-100.851774643,-101.82207489
59950000,-100.868796204,-101.904319763
60000000,-100.839269302,-101.84903717
60050000,-100.870785858,-101.839561462
60100000,-100.821281357,-101.792503357
60150000,-100.841675278,-101.810623169
60200000,-100.850348221,-101.739356995
60250000,-100.868564011,-101.799049377
60300000,-100.850362976,-101.858543396
60350000,-100.857170609,-101.769500732
60400000,-100.836324707,-101.806602478
60450000,-100.818204803,-101.82862854
60500000,-100.81703215,-101.807632446
60550000,-100.810596878,-101.891227722
60600000,-100.817436508,-101.82824707
60650000,-100.831317047,-101.744422913
60700000,-100.848591095,-101.883934021
60750000,-100.841713593,-101.813774109
60800000,-100.798069885,-101.826499939
60850000,-100.837846741,-101.840583801
60900000,-100.802010773,-101.898048401
60950000,-100.848125031,-101.818061829
61000000,-100.804633347,-101.783363342
61050000,-100.805099762,-101.848678589
61100000,-100.843472427,-101.816703796
61150000,-100.812980865,-101.82219696
61200000,-100.813247818,-101.760627747
61250000,-100.819205231,-101.800590515
61300000,-100.810401901,-101.804473877
61350000,-100.817824768,-101.880447388
61400000,-100.798733688,-101.829574585
61450000,-100.783071533,-101.811790466
61500000,-100.811651382,-101.716712952
61550000,-100.800394577,-101.797203064
61600000,-100.784438416,-101.813560486
61650000,-100.827292175,-101.826393127
61700000,-100.781310593,-101.865814209
61750000,-100.775614944,-101.866973877
61800000,-100.7898134,-101.785308838
61850000,-100.791902191,-101.779296875
61900000,-100.801747604,-101.802688599
61950000,-100.803835587,-101.726112366
62000000,-100.786804184,-101.840339661
62050000,-100.778667343,-101.818222046
62100000,-100.774004883,-101.757331848
62150000,-100.773923187,-101.75718689
62200000,-100.782363937,-101.793746948
62250000,-100.79542894,-101.770759583
62300000,-100.786798691,-101.776878357
62350000,-100.783092865,-101.762809753
62400000,-100.750751709,-101.773002625
62450000,-100.785130768,-101.746162415
62500000,-100.786550461,-101.779205322
62550000,-100.77018605,-101.769813538
62600000,-100.774189331,-101.729293823
62650000,-100.747817474,-101.835922241
62700000,-100.737578415,-101.738967896
62750000,-100.78306366,-101.764854431
62800000,-100.740613022,-101.736175537
62850000,-100.745933578,-101.775619507
62900000,-100.751283401,-101.756347656
62950000,-100.760449036,-101.830749512
63000000,-100.750614258,-101.758544922
63050000,-100.734862869,-101.804946899
63100000,-100.761417297,-101.819580078
63150000,-100.749603165,-101.711410522
63200000,-100.769854691,-101.858711243
63250000,-100.749299149,-101.756484985
63300000,-100.753766205,-101.741912842
63350000,-100.742762665,-101.674591064
63400000,-100.738293228,-101.824836731
63450000,-100.749839951,-101.769828796
63500000,-100.721202408,-101.780899048
63550000,-100.707582108,-101.754432678
63600000,-100.731519958,-101.755699158
63650000,-100.735128662,-101.762069702
63700000,-100.757874771,-101.723571777
63750000,-100.738996338,-101.745491028
63800000,-100.724878845,-101.781814575
63850000,-100.741554718,-101.716171265
63900000,-100.724303467,-101.669158936
63950000,-100.717330719,-101.762443542
64000000,-100.73844722,-101.747299194
64050000,-100.705938217,-101.734855652
64100000,-100.751320297,-101.761161804
64150000,-100.728062805,-101.767028809
64200000,-100.71562851,-101.772712708
64250000,-100.719556427,-101.728530884
64300000,-100.770910706,-101.770812988
64350000,-100.697605392,-101.699562073
64400000,-100.726807037,-101.674537659
64450000,-100.713086868,-101.658172607
64500000,-100.719434036,-101.797241211
64550000,-100.664775848,-101.716789246
64600000,-100.733689514,-101.743103027
64650000,-100.685924118,-101.734703064
64700000,-100.740014374,-101.71231842
64750000,-100.734460831,-101.667861938
64800000,-100.711594604,-101.753570557
64850000,-100.677919922,-101.72252655
64900000,-100.674709457,-101.73298645
64950000,-100.694788223,-101.691299438
65000000,-100.669780106,-101.738540649
65050000,-100.698626724,-101.726753235
65100000,-100.687368576,-101.676635742
65150000,-100.695778503,-101.697013855
65200000,-100.704165344,-101.766311646
65250000,-100.698436035,-101.63482666
65300000,-100.667108368,-101.74369812
65350000,-100.670766632,-101.745231628
65400000,-100.684287918,-101.694503784
65450000,-100.703701187,-101.704826355
65500000,-100.678259903,-101.730262756
65550000,-100.689605469,-101.684448242
65600000,-100.68502063,-101.74092865
65650000,-100.639003418,-101.702209473
65700000,-100.69679007,-101.752059937
65750000,-100.68358989,-101.736671448
65800000,-100.674033356,-101.650344849
65850000,-100.667868774,-101.731384277
65900000,-100.66949588,-101.801002502
65950000,-100.677052811,-101.654289246
66000000,-100.674388794,-101.679077148
66050000,-100.676235458,-101.6456604
66100000,-100.663085663,-101.625045776
66150000,-100.67409993,-101.687202454
66200000,-100.673026184,-101.676551819
66250000,-100.671893188,-101.731811523
66300000,-100.687082916,-101.729789734
66350000,-100.65840831,-101.68939209
66400000,-100.663649933,-101.594177246
66450000,-100.675285065,-101.625450134
66500000,-100.639264755,-101.675720215
66550000,-100.666837143,-101.720176697
66600000,-100.669265244,-101.683540344
66650000,-100.682223541,-101.684776306
66700000,-100.632815048,-101.659538269
66750000,-100.648727295,-101.637771606
66800000,-100.636593094,-101.71182251
66850000,-100.664978836,-101.735298157
66900000,-100.622590607,-101.674942017
66950000,-100.634693298,-101.72996521
67000000,-100.637010895,-101.632148743
67050000,-100.620737015,-101.687515259
67100000,-100.630046265,-101.611564636
67150000,-100.636030701,-101.679664612
67200000,-100.63580542,-101.697013855
67250000,-100.595972839,-101.674758911
67300000,-100.614103134,-101.654464722
67350000,-100.633955002,-101.688201904
67400000,-100.600351486,-101.692008972
67450000,-100.62078891,-101.718803406
67500000,-100.589670105,-101.663330078
67550000,-100.621700043,-101.630279541
67600000,-100.596330688,-101.604148865
67650000,-100.631977036,-101.654891968
67700000,-100.573263672,-101.66557312
67750000,-100.603783386,-101.633293152
67800000,-100.607530151,-101.651077271
67850000,-100.612351089,-101.555847168
67900000,-100.5985569,-101.681266785
67950000,-100.606862518,-101.624725342
68000000,-100.5999729,-101.665771484
68050000,-100.598922867,-101.722396851
68100000,-100.610682114,-101.600143433
68150000,-100.615634888,-101.647575378
68200000,-100.615136887,-101.641296387
68250000,-100.606335693,-101.703948975
68300000,-100.615678818,-101.619682312
68350000,-100.571050476,-101.676063538
68400000,-100.625609146,-101.575653076
68450000,-100.620323257,-101.634117126
68500000,-100.598809036,-101.697242737
68550000,-100.586896423,-101.691612244
68600000,-100.5902621,-101.602577209
68650000,-100.602944351,-101.642997742
68700000,-100.586781952,-101.565078735
68750000,-100.583423615,-101.667289734
68800000,-100.60608812,-101.654678345
68850000,-100.564927048,-101.602325439
68900000,-100.576442413,-101.742881775
68950000,-100.596579544,-101.612663269
69000000,-100.578197891,-101.584625244
69050000,-100.620095215,-101.611038208
69100000,-100.576914337,-101.65032196
69150000,-100.616133362,-101.56665802
69200000,-100.590827286,-101.688911438
69250000,-100.557852005,-101.632736206
69300000,-100.564126373,-101.667984009
69350000,-100.578828918,-101.622497559
69400000,-100.605996826,-101.607559204
69450000,-100.561488434,-101.597229004
69500000,-100.553278107,-101.597572327
69550000,-100.552508057,-101.627861023
69600000,-100.56192276,-101.612663269
69650000,-100.548144638,-101.581367493
69700000,-100.594358139,-101.538421631
69750000,-100.562061417,-101.57257843
69800000,-100.559794266,-101.546096802
69850000,-100.54590834,-101.618362427
69900000,-100.540508926,-101.672454834
69950000,-100.543849243,-101.589599609
70000000,-100.54714415,-101.598426819
70050000,-100.54636055,-101.609848022
70100000,-100.533702484,-101.57257843
70150000,-100.548064316,-101.553565979
70200000,-100.549314316,-101.587272644
70250000,-100.531888641,-101.600959778
70300000,-100.561083344,-101.527046204
70350000,-100.548458237,-101.536109924
70400000,-100.531862488,-101.598464966
70450000,-100.517827621,-101.600700378
70500000,-100.517640427,-101.577186584
70550000,-100.54841748,-101.542366028
70600000,-100.561020874,-101.635887146
70650000,-100.530960251,-101.576583862
70700000,-100.55636412,-101.555175781
70750000,-100.531130219,-101.623428345
70800000,-100.539710251,-101.575637817
70850000,-100.534313553,-101.537353516
70900000,-100.560402451,-101.59072113
70950000,-100.538218719,-101.617134094
71000000,-100.513325607,-101.581825256
71050000,-100.526289993,-101.620903015
71100000,-100.559115311,-101.627922058
71150000,-100.505918915,-101.571662903
71200000,-100.523736725,-101.522071838
71250000,-100.537900421,-101.516853333
71300000,-100.564312943,-101.602851868
71350000,-100.502853424,-101.571762085
71400000,-100.491044785,-101.645484924
71450000,-100.523117081,-101.578636169
71500000,-100.534436859,-101.50743103
71550000,-100.546007233,-101.539665222
71600000,-100.53742688,-101.539222717
71650000,-100.489742264,-101.632926941
71700000,-100.529982758,-101.59815979
71750000,-100.517353378,-101.557151794
71800000,-100.52936232,-101.577865601
71850000,-100.499932755,-101.458503723
71900000,-100.521132767,-101.622627258
71950000,-100.53083902,-101.595657349
72000000,-100.526533707,-101.58631134
72050000,-100.50940065,-101.648742676
72100000,-100.507849625,-101.5548172
72150000,-100.513954544,-101.594467163
72200000,-100.485192307,-101.557853699
72250000,-100.514320053,-101.555381775
72300000,-100.472637726,-101.585647583
72350000,-100.493251953,-101.545341492
72400000,-100.49533374,-101.559539795
72450000,-100.494571259,-101.584259033
72500000,-100.469115509,-101.616760254
72550000,-100.491340408,-101.568702698
72600000,-100.518341156,-101.595626831
72650000,-100.450634262,-101.550865173
72700000,-100.473251755,-101.522033691
72750000,-100.45298204,-101.505622864
72800000,-100.452988388,-101.602935791
72850000,-100.478847122,-101.564147949
72900000,-100.493145035,-101.496734619
72950000,-100.48654303,-101.488876343
73000000,-100.471705154,-101.586639404
73050000,-100.507235275,-101.544952393
73100000,-100.497496048,-101.567214966
73150000,-100.441794922,-101.584609985
73200000,-100.433272507,-101.50213623
73250000,-100.457333191,-101.554046631
73300000,-100.46003949,-101.615447998
73350000,-100.475797348,-101.542121887
73400000,-100.477092529,-101.435409546
73450000,-100.447417023,-101.445838928
73500000,-100.466502487,-101.542350769
73550000,-100.468438141,-101.519439697
73600000,-100.425133026,-101.508972168
73650000,-100.453662369,-101.535392761
73700000,-100.484617767,-101.568565369
73750000,-100.449084656,-101.59311676
73800000,-100.488841919,-101.549713135
73850000,-100.465724518,-101.585823059
73900000,-100.47987262,-101.446647644
73950000,-100.471058105,-101.443626404
74000000,-100.450256958,-101.546989441
74050000,-100.466193314,-101.543014526
74100000,-100.474540054,-101.501564026
74150000,-100.439523132,-101.571090698
74200000,-100.435131271,-101.478538513
74250000,-100.42599173,-101.530540466
74300000,-100.51199614,-101.50062561
74350000,-100.442842331,-101.540924072
74400000,-100.444597244,-101.473182678
74450000,-100.449514175,-101.511672974
74500000,-100.473681519,-101.56211853
74550000,-100.460349838,-101.491775513
74600000,-100.469094254,-101.498588562
74650000,-100.42134259,-101.486915588
74700000,-100.456408401,-101.518089294
74750000,-100.401687134,-101.509040833
74800000,-100.452046768,-101.493934631
74850000,-100.451674683,-101.470001221
74900000,-100.425037704,-101.506782532
74950000,-100.447173691,-101.50843811
75000000,-100.418600372,-101.479049683
75050000,-100.424083435,-101.566810608
75100000,-100.449079391,-101.425949097
75150000,-100.418235229,-101.442840576
75200000,-100.432310944,-101.535934448
75250000,-100.408879471,-101.542388916
75300000,-100.440652069,-101.499633789
75350000,-100.436170013,-101.510971069
75400000,-100.427658813,-101.408561707
75450000,-100.426001099,-101.606536865
75500000,-100.430696289,-101.428535461
75550000,-100.417426544,-101.54699707
75600000,-100.428558945,-101.490768433
75650000,-100.442669785,-101.41897583
75700000,-100.409201889,-101.510978699
75750000,-100.426547363,-101.498260498
75800000,-100.389149063,-101.500190735
75850000,-100.369533081,-101.485099792
75900000,-100.397571426,-101.56262207
75950000,-100.449580185,-101.486923218
76000000,-100.43866301,-101.502990723
76050000,-100.405186951,-101.446975708
76100000,-100.40336351,-101.521537781
76150000,-100.413427643,-101.50567627
76200000,-100.384082626,-101.415603638
76250000,-100.386085251,-101.49848938
76300000,-100.422557343,-101.458824158
76350000,-100.397665665,-101.438034058
76400000,-100.43698056,-101.483032227
76450000,-100.396897293,-101.453163147
76500000,-100.396044235,-101.439651489
76550000,-100.359490494,-101.480934143
76600000,-100.396388077,-101.46157074
76650000,-100.406473175,-101.532325745
76700000,-100.34934816,-101.436325073
76750000,-100.400543213,-101.502586365
76800000,-100.388300781,-101.475311279
76850000,-100.410083359,-101.483421326
76900000,-100.383368149,-101.453887939
76950000,-100.398221741,-101.509513855
77000000,-100.415735275,-101.497398376
77050000,-100.386920715,-101.435546875
77100000,-100.39773259,-101.459411621
77150000,-100.359228943,-101.475738525
77200000,-100.372409515,-101.378189087
77250000,-100.362472031,-101.496032715
77300000,-100.430785202,-101.417366028
77350000,-100.389986664,-101.440315247
77400000,-100.384101089,-101.535140991
77450000,-100.393163452,-101.451438904
77500000,-100.354621582,-101.444915771
77550000,-100.394649384,-101.484527588
77600000,-100.366537949,-101.487266541
77650000,-100.337009125,-101.390029907
77700000,-100.378767014,-101.524688721
77750000,-100.366357925,-101.388587952
77800000,-100.356519653,-101.466033936
77850000,-100.337784515,-101.441848755
77900000,-100.361604919,-101.466377258
77950000,-100.363624985,-101.473464966
78000000,-100.375058807,-101.487991333
78050000,-100.394038528,-101.44065094
78100000,-100.357185974,-101.479934692
78150000,-100.391084885,-101.5051651
78200000,-100.335215408,-101.438728333
78250000,-100.371737198,-101.45891571
78300000,-100.370435257,-101.49180603
78350000,-100.327832611,-101.485214233
78400000,-100.347515259,-101.39050293
78450000,-100.356452271,-101.520576477
78500000,-100.373983353,-101.449676514
78550000,-100.361636658,-101.5027771
78600000,-100.348285873,-101.448379517
78650000,-100.362240479,-101.467185974
78700000,-100.328881561,-101.47013092
78750000,-100.345520569,-101.340446472
78800000,-100.360995956,-101.426620483
78850000,-100.343564316,-101.48323822
78900000,-100.369855515,-101.40045929
78950000,-100.334445221,-101.446853638
79000000,-100.336123657,-101.409736633
79050000,-100.348142715,-101.425598145
79100000,-100.350818176,-101.374710083
79150000,-100.343679337,-101.405128479
79200000,-100.347766251,-101.448852539
79250000,-100.323416107,-101.424949646
79300000,-100.314565857,-101.39440918
79350000,-100.307805481,-101.410461426
79400000,-100.328738937,-101.466911316
79450000,-100.342769958,-101.36693573
79500000,-100.301750305,-101.46395874
79550000,-100.325517288,-101.382728577
79600000,-100.329242905,-101.396087646
79650000,-100.298476669,-101.425453186
79700000,-100.317626495,-101.432685852
79750000,-100.313132904,-101.436416626
79800000,-100.327823624,-101.467750549
79850000,-100.342283844,-101.45766449
79900000,-100.319007767,-101.4296875
79950000,-100.322962234,-101.3699646
80000000,-100.329965378,-101.436164856
80050000,-100.346526459,-101.355072021
80100000,-100.338082672,-101.43283844
80150000,-100.314160767,-101.399467468
80200000,-100.294001816,-101.349411011
80250000,-100.32753653,-101.477371216
80300000,-100.346355362,-101.382484436
80350000,-100.295544815,-101.398521423
80400000,-100.32318158,-101.389564514
80450000,-100.32578186,-101.381790161
80500000,-100.3280103,-101.377098083
80550000,-100.301710159,-101.437721252
80600000,-100.317176483,-101.412315369
80650000,-100.307165619,-101.354476929
80700000,-100.307923248,-101.403038025
80750000,-100.311770767,-101.38999939
80800000,-100.269289322,-101.440887451
80850000,-100.318158447,-101.348884583
80900000,-100.317107056,-101.392356873
80950000,-100.31244075,-101.41708374
81000000,-100.30762291,-101.314880371
81050000,-100.259797333,-101.323188782
81100000,-100.308922729,-101.427909851
81150000,-100.269414124,-101.377944946
81200000,-100.309283432,-101.388328552
81250000,-100.311764145,-101.371826172
81300000,-100.299377609,-101.423202515
81350000,-100.30751384,-101.317687988
81400000,-100.284471939,-101.395515442
81450000,-100.298463196,-101.393737793
81500000,-100.299991226,-101.372459412
81550000,-100.278516785,-101.359176636
81600000,-100.311491501,-101.419006348
81650000,-100.291924576,-101.420425415
81700000,-100.273537292,-101.328575134
81750000,-100.27831926,-101.413215637
81800000,-100.317193115,-101.254592896
81850000,-100.27684053,-101.353515625
81900000,-100.248562408,-101.35181427
81950000,-100.24864769,-101.363327026
82000000,-100.276154984,-101.436393738
82050000,-100.264655701,-101.407951355
82100000,-100.254470566,-101.373847961
82150000,-100.270614975,-101.429084778
82200000,-100.283330078,-101.37702179
82250000,-100.283912277,-101.410415649
82300000,-100.26435994,-101.327224731
82350000,-100.268718857,-101.421760559
82400000,-100.24052829,-101.435317993
82450000,-100.262813232,-101.433944702
82500000,-100.284233749,-101.401138306
82550000,-100.258667709,-101.298873901
82600000,-100.291281647,-101.348434448
82650000,-100.258015305,-101.37727356
82700000,-100.240060501,-101.412452698
82750000,-100.279525833,-101.363265991
82800000,-100.251067688,-101.266677856
82850000,-100.277820129,-101.349662781
82900000,-100.259028809,-101.338912964
82950000,-100.254492554,-101.312088013
83000000,-100.259612167,-101.318527222
83050000,-100.264179291,-101.390716553
83100000,-100.237913803,-101.381652832
83150000,-100.247066422,-101.38659668
83200000,-100.246702759,-101.330101013
83250000,-100.268613739,-101.365531921
83300000,-100.233696136,-101.342498779
83350000,-100.23488649,-101.340866089
83400000,-100.243086609,-101.31968689
83450000,-100.294821793,-101.401992798
83500000,-100.225141235,-101.370491028
83550000,-100.262914001,-101.359848022
83600000,-100.256641708,-101.44216156
83650000,-100.226149307,-101.419921875
83700000,-100.25471907,-101.332817078
83750000,-100.223138687,-101.327651978
83800000,-100.242863083,-101.318962097
83850000,-100.214210846,-101.306800842
83900000,-100.23260791,-101.32849884
83950000,-100.214114471,-101.370941162
84000000,-100.233970627,-101.382652283
84050000,-100.231040726,-101.356987
84100000,-100.234073212,-101.356140137
84150000,-100.237680511,-101.345809937
84200000,-100.250023819,-101.378242493
84250000,-100.211036621,-101.267700195
84300000,-100.232919067,-101.26260376
84350000,-100.228979202,-101.337814331
84400000,-100.231288864,-101.309410095
84450000,-100.259884308,-101.2628479
84500000,-100.214261154,-101.309463501
84550000,-100.255333176,-101.327514648
84600000,-100.22036879,-101.346138
84650000,-100.217674271,-101.371276855
84700000,-100.217680801,-101.344421387
84750000,-100.270063019,-101.399604797
84800000,-100.234791901,-101.348243713
84850000,-100.202941544,-101.347732544
84900000,-100.241239243,-101.362884521
84950000,-100.206811142,-101.339706421
85000000,-100.23518425,-101.363388062
85050000,-100.211416321,-101.27520752
85100000,-100.243078751,-101.267250061
85150000,-100.239806213,-101.287956238
85200000,-100.182592316,-101.321090698
85250000,-100.208969147,-101.363388062
85300000,-100.196467361,-101.383377075
85350000,-100.188126129,-101.31526947
85400000,-100.187292252,-101.290336609
85450000,-100.221183136,-101.281265259
85500000,-100.220627289,-101.354751587
85550000,-100.207004013,-101.244178772
85600000,-100.248133621,-101.308570862
85650000,-100.167617157,-101.408615112
85700000,-100.194147888,-101.323242188
85750000,-100.192167786,-101.314041138
85800000,-100.223073257,-101.304069519
85850000,-100.215259949,-101.316574097
85900000,-100.180184433,-101.261253357
85950000,-100.192638184,-101.341903687
86000000,-100.192645157,-101.373596191
86050000,-100.203676773,-101.30292511
86100000,-100.194222565,-101.403862
86150000,-100.199211365,-101.314483643
86200000,-100.202961731,-101.345741272
86250000,-100.188691055,-101.330162048
86300000,-100.232426163,-101.300811768
86350000,-100.228196259,-101.326339722
86400000,-100.182430832,-101.336250305
86450000,-100.197561905,-101.347160339
86500000,-100.214753281,-101.315551758
86550000,-100.18767511,-101.229362488
86600000,-100.192299042,-101.332275391
86650000,-100.19277829,-101.315925598
86700000,-100.198309143,-101.286071777
86750000,-100.190095474,-101.33795929
86800000,-100.193289108,-101.385299683
86850000,-100.176647186,-101.311859131
86900000,-100.179238983,-101.351150513
86950000,-100.168397293,-101.262741089
87000000,-100.18385701,-101.290039062
87050000,-100.160088806,-101.222396851
87100000,-100.166603699,-101.294677734
87150000,-100.17471434,-101.260192871
87200000,-100.191388855,-101.270744324
87250000,-100.162985519,-101.35987854
87300000,-100.174287842,-101.272926331
87350000,-100.172446945,-101.294563293
87400000,-100.170905548,-101.311141968
87450000,-100.168967041,-101.270446777
87500000,-100.182433014,-101.297035217
87550000,-100.170231674,-101.263793945
87600000,-100.151974548,-101.33026123
87650000,-100.188855988,-101.246650696
87700000,-100.154843201,-101.364463806
87750000,-100.156749634,-101.26991272
87800000,-100.154295746,-101.348899841
87850000,-100.180799545,-101.350776672
87900000,-100.159539459,-101.273651123
87950000,-100.163411865,-101.35382843
88000000,-100.132398804,-101.317947388
88050000,-100.16050592,-101.28717804
88100000,-100.180373047,-101.261604309
88150000,-100.13544809,-101.237297058
88200000,-100.164194931,-101.325012207
88250000,-100.156964188,-101.342979431
88300000,-100.135133286,-101.243484497
88350000,-100.116509262,-101.333152771
88400000,-100.134096481,-101.243103027
88450000,-100.126521088,-101.308059692
88500000,-100.120915817,-101.311683655
88550000,-100.138473404,-101.230537415
88600000,-100.176981857,-101.318359375
88650000,-100.116591476,-101.230888367
88700000,-100.166451736,-101.22845459
88750000,-100.178992996,-101.283813477
88800000,-100.128035629,-101.32056427
88850000,-100.13031015,-101.302566528
88900000,-100.158132889,-101.203826904
88950000,-100.136198639,-101.284805298
89000000,-100.122980957,-101.26763916
89050000,-100.16728157,-101.224647522
89100000,-100.138366302,-101.322311401
89150000,-100.116819138,-101.264511108
89200000,-100.127027924,-101.215362549
89250000,-100.138165176,-101.247039795
89300000,-100.143530853,-101.187965393
89350000,-100.151001877,-101.287147522
89400000,-100.134764496,-101.282402039
89450000,-100.155587875,-101.203132629
89500000,-100.120245193,-101.237213135
89550000,-100.157144821,-101.221923828
89600000,-100.182646255,-101.252555847
89650000,-100.145546448,-101.278327942
89700000,-100.119663269,-101.273353577
89750000,-100.123722534,-101.231750488
89800000,-100.12003508,-101.336402893
89850000,-100.091454666,-101.261268616
89900000,-100.099700089,-101.33493042
89950000,-100.117969162,-101.267662048
90000000,-100.142723099,-101.155349731
90050000,-100.121336441,-101.30871582
90100000,-100.129328018,-101.331489563
90150000,-100.126529709,-101.322250366
90200000,-100.14611937,-101.340690613
90250000,-100.137150696,-101.27179718
90300000,-100.111787186,-101.248710632
90350000,-100.106036774,-101.233139038
90400000,-100.100729385,-101.240638733
90450000,-100.107032867,-101.221160889
90500000,-100.100205215,-101.232086182
90550000,-100.12001416,-101.148155212
90600000,-100.118375381,-101.243247986
90650000,-100.142625809,-101.237487793
90700000,-100.131066177,-101.259895325
90750000,-100.119246857,-101.244354248
90800000,-100.0999384,-101.185966492
90850000,-100.074299271,-101.267875671
90900000,-100.113227448,-101.307502747
90950000,-100.131443405,-101.226348877
91000000,-100.114700165,-101.195549011
91050000,-100.100710678,-101.200172424
91100000,-100.068031738,-101.295074463
91150000,-100.093026566,-101.334091187
91200000,-100.121212402,-101.168502808
91250000,-100.087018967,-101.205215454
91300000,-100.094843216,-101.213951111
91350000,-100.11921257,-101.177558899
91400000,-100.079762695,-101.283546448
91450000,-100.11455719,-101.207237244
91500000,-100.102438034,-101.24987793
91550000,-100.083047928,-101.186843872
91600000,-100.095248535,-101.186164856
91650000,-100.10147197,-101.245597839
91700000,-100.084326218,-101.22492218
91750000,-100.105659103,-101.301872253
91800000,-100.103334991,-101.218147278
91850000,-100.095402481,-101.212562561
91900000,-100.133386017,-101.301750183
91950000,-100.090617691,-101.152839661
92000000,-100.087018814,-101.218315125
92050000,-100.105752731,-101.233131409
92100000,-100.085393631,-101.190414429
92150000,-100.088851501,-101.207901001
92200000,-100.089210083,-101.265068054
92250000,-100.085105453,-101.225090027
92300000,-100.061812378,-101.207771301
92350000,-100.063153824,-101.291259766
92400000,-100.137231018,-101.270179749
92450000,-100.093607101,-101.172012329
92500000,-100.084005356,-101.196159363
92550000,-100.097560135,-101.223983765
92600000,-100.07829007,-101.280059814
92650000,-100.050356049,-101.228813171
92700000,-100.088234161,-101.220001221
92750000,-100.086441101,-101.175262451
92800000,-100.095494476,-101.252212524
92850000,-100.069744385,-101.219810486
92900000,-100.074157028,-101.223045349
92950000,-100.0881483,-101.290512085
93000000,-100.03938295,-101.214912415
93050000,-100.075571335,-101.166259766
93100000,-100.064472656,-101.255912781
93150000,-100.056428864,-101.236961365
93200000,-100.033992691,-101.197372437
93250000,-100.058430405,-101.18057251
93300000,-100.078906219,-101.199424744
93350000,-100.051818924,-101.25151062
93400000,-100.075588242,-101.20954895
93450000,-100.055450455,-101.267715454
93500000,-100.075858475,-101.206069946
93550000,-100.078793457,-101.209739685
93600000,-100.035128738,-101.25932312
93650000,-100.052603577,-101.176498413
93700000,-100.049511475,-101.296127319
93750000,-100.043509811,-101.222084045
93800000,-100.07467894,-101.144874573
93850000,-100.050572845,-101.211463928
93900000,-100.105446121,-101.220458984
93950000,-100.055798767,-101.219772339
94000000,-100.040552902,-101.12676239
94050000,-100.067777328,-101.238311768
94100000,-100.047257019,-101.190841675
94150000,-100.034454865,-101.200614929
94200000,-100.0683461,-101.147262573
94250000,-100.065071014,-101.162147522
94300000,-100.073566208,-101.202064514
94350000,-100.065181137,-101.277961731
94400000,-100.008597595,-101.156684875
94450000,-100.054980362,-101.077835083
94500000,-100.061288177,-101.18296051
94550000,-100.028093933,-101.165153503
94600000,-100.040526917,-101.135925293
94650000,-100.033301773,-101.199584961
94700000,-100.062583084,-101.236602783
94750000,-100.018478699,-101.121009827
94800000,-100.052150894,-101.204673767
94850000,-100.035886002,-101.18787384
94900000,-100.040028488,-101.247779846
94950000,-100.039265869,-101.1223526
95000000,-100.012728561,-101.151435852
95050000,-100.034379272,-101.211387634
95100000,-100.040089478,-101.176673889
95150000,-100.014927414,-101.232833862
95200000,-100.036038635,-101.177124023
95250000,-100.037659393,-101.190971375
95300000,-100.033170822,-101.218772888
95350000,-100.030915863,-101.165786743
95400000,-100.034690521,-101.153778076
95450000,-100.030568573,-101.185638428
95500000,-100.069931168,-101.215660095
95550000,-100.00257402,-101.233360291
95600000,-100.051189224,-101.221366882
95650000,-100.036782806,-101.202941895
95700000,-100.064019272,-101.119651794
95750000,-100.034380508,-101.190834045
95800000,-100.019354721,-101.136787415
95850000,-100.033481674,-101.098800659
95900000,-100.031622452,-101.143310547
95950000,-100.058220551,-101.206390381
96000000,-100.039717148,-101.187133789
96050000,-100.018594009,-101.150787354
96100000,-100.047446198,-101.193412781
96150000,-100.015449081,-101.121513367
96200000,-100.003166794,-101.097763062
96250000,-100.022054581,-101.261413574
96300000,-100.038434937,-101.060684204
96350000,-100.016954407,-101.208763123
96400000,-100.021457474,-101.156181335
96450000,-100.001730728,-101.17375946
96500000,-100.018013916,-101.133049011
96550000,-100.017450287,-101.15625
96600000,-99.9746292419,-101.150466919
96650000,-100.006939819,-101.122787476
96700000,-99.9944999542,-101.197647095
96750000,-100.004005264,-101.064147949
96800000,-100.013390976,-101.159790039
96850000,-99.9918320007,-101.077209473
96900000,-100.02648674,-101.144714355
96950000,-99.9961651001,-101.107208252
97000000,-99.9919532471,-101.206222534
97050000,-100.014835312,-101.105278015
97100000,-99.9933581238,-101.145172119
97150000,-99.9930644989,-101.179603577
97200000,-100.00552623,-101.170608521
97250000,-100.003118851,-101.113456726
97300000,-99.9880144043,-101.166053772
97350000,-99.9985861969,-101.160896301
97400000,-99.999222229,-101.141326904
97450000,-100.000066986,-101.124885559
97500000,-99.9978867645,-101.161201477
97550000,-99.994352417,-101.149238586
97600000,-100.01190065,-101.125465393
97650000,-99.9920442657,-101.065513611
97700000,-99.9896712799,-101.159286499
97750000,-100.010212982,-101.132209778
97800000,-99.9886338654,-101.150314331
97850000,-99.9813530884,-101.160850525
97900000,-99.9944984131,-101.114761353
97950000,-99.9845323029,-101.129249573
98000000,-99.9908716888,-101.087600708
98050000,-99.9962920227,-101.142303467
98100000,-99.9510762329,-101.154800415
98150000,-99.9594147644,-101.103630066
98200000,-99.9735482025,-101.088409424
98250000,-99.9291344299,-101.160995483
98300000,-99.9920805817,-101.155883789
98350000,-99.9951846313,-101.147735596
98400000,-99.9808305664,-101.111465454
98450000,-99.9761028442,-101.175308228
98500000,-99.9665571136,-101.224372864
98550000,-99.9560913391,-101.141716003
98600000,-99.9821902313,-101.119621277
98650000,-99.9970893707,-101.052612305
98700000,-99.9718327637,-101.202354431
98750000,-99.9874635773,-101.101959229
98800000,-99.9763619232,-101.094299316
98850000,-99.9919286652,-101.239974976
98900000,-99.9582188873,-101.207542419
98950000,-99.9749102325,-101.205116272
99000000,-99.9596534271,-101.041625977
99050000,-99.9482431488,-101.108108521
99100000,-99.9689192963,-101.192695618
99150000,-99.9720089569,-101.216590881
99200000,-99.9817853394,-101.060417175
99250000,-99.9812118988,-101.12940979
99300000,-99.9655690918,-101.187477112
99350000,-99.9392553406,-101.115974426
99400000,-99.9839729462,-101.17339325
99450000,-99.9537156219,-101.135238647
99500000,-99.9609023438,-101.146621704
99550000,-99.9852695312,-101.173103333
99600000,-99.9412738953,-101.170684814
99650000,-99.9502458649,-101.067100525
99700000,-99.9532579803,-101.083999634
99750000,-99.9750151978,-101.085464478
99800000,-99.9730989075,-101.158782959
99850000,-99.9522602081,-101.052124023
99900000,-99.964986969,-101.072181702
99950000,-99.9506812744,-101.088661194
100000000,-99.9464487457,-101.0887146
